2020-04-16,[0.0-7.0],bbbb,Group: 0
2020-02-17,[0.0-7.0],cccc,Group: 0
2020-04-18,[0.0-7.0],bbbb,Group: 0
2020-02-15,[0.0-7.0],cccc,Group: 0
2020-04-25,[0.0-7.0],bbbb,Group: 0
2020-05-06,[0.0-7.0],cccc,Group: 0
2020-05-10,[0.0-7.0],bbbb,Group: 0
2020-03-09,[0.0-7.0],bbbb,Group: 0
2020-04-28,[0.0-7.0],bbbb,Group: 0
2020-04-20,[0.0-7.0],bbbb,Group: 0
2020-05-12,[0.0-7.0],bbbb,Group: 0
2020-03-13,[0.0-7.0],bbbb,Group: 0
2020-06-20,[79.0-127.0],bbbb,Group: 1
2020-06-19,[79.0-127.0],bbbb,Group: 1
2020-06-03,[79.0-127.0],bbbb,Group: 1
2020-06-18,[79.0-127.0],bbbb,Group: 1
2020-06-16,[79.0-127.0],bbbb,Group: 1
2020-05-28,[79.0-127.0],bbbb,Group: 1
2020-06-09,[79.0-127.0],bbbb,Group: 1
2020-06-05,[79.0-127.0],bbbb,Group: 1
2020-06-25,[79.0-127.0],bbbb,Group: 1
2020-06-13,[79.0-127.0],bbbb,Group: 1
2020-05-20,[24.0-67.0],bbbb,Group: 2
2020-06-10,[24.0-67.0],bbbb,Group: 2
2020-05-23,[24.0-67.0],bbbb,Group: 2
2020-05-26,[24.0-67.0],bbbb,Group: 2
2020-03-30,[24.0-67.0],bbbb,Group: 2
2020-05-25,[24.0-67.0],bbbb,Group: 2
2020-03-27,[24.0-67.0],bbbb,Group: 2
2020-03-23,[24.0-67.0],bbbb,Group: 2
2020-05-22,[24.0-67.0],bbbb,Group: 2
2020-06-01,[24.0-67.0],bbbb,Group: 2
2020-06-17,[75.0-339.0],bbbb,Group: 3
2020-07-06,[75.0-339.0],bbbb,Group: 3
2020-06-06,[75.0-339.0],bbbb,Group: 3
2022-04-15,[75.0-339.0],bbbb,Group: 3
2022-04-18,[75.0-339.0],bbbb,Group: 3
2022-04-12,[75.0-339.0],bbbb,Group: 3
2022-04-10,[75.0-339.0],bbbb,Group: 3
2020-06-30,[75.0-339.0],bbbb,Group: 3
2022-04-13,[75.0-339.0],bbbb,Group: 3
2020-06-29,[75.0-339.0],bbbb,Group: 3
2022-04-25,[75.0-339.0],bbbb,Group: 3
2020-06-22,[75.0-339.0],bbbb,Group: 3
2022-04-02,[75.0-339.0],bbbb,Group: 3
2020-06-24,[75.0-339.0],bbbb,Group: 3
2020-07-09,[75.0-339.0],bbbb,Group: 3
2020-07-01,[75.0-339.0],bbbb,Group: 3
2020-07-18,[272.0-593.0],bbbb,Group: 4
2022-04-23,[272.0-593.0],bbbb,Group: 4
2020-07-07,[272.0-593.0],bbbb,Group: 4
2020-07-30,[272.0-593.0],bbbb,Group: 4
2020-07-11,[272.0-593.0],bbbb,Group: 4
2022-03-31,[272.0-593.0],bbbb,Group: 4
2022-05-10,[272.0-593.0],bbbb,Group: 4
2022-05-02,[272.0-593.0],bbbb,Group: 4
2022-03-26,[272.0-593.0],bbbb,Group: 4
2022-03-25,[272.0-593.0],bbbb,Group: 4
2022-03-29,[272.0-593.0],bbbb,Group: 4
2022-03-24,[272.0-593.0],bbbb,Group: 4
2022-04-19,[272.0-593.0],bbbb,Group: 4
2020-08-31,[1530.0-1791.0],bbbb,Group: 5
2022-03-08,[1530.0-1791.0],bbbb,Group: 5
2020-08-13,[1530.0-1791.0],bbbb,Group: 5
2020-08-14,[1530.0-1791.0],bbbb,Group: 5
2020-09-02,[1530.0-1791.0],bbbb,Group: 5
2020-08-16,[1530.0-1791.0],bbbb,Group: 5
2020-08-18,[1530.0-1791.0],bbbb,Group: 5
2021-03-29,[1530.0-1791.0],bbbb,Group: 5
2020-08-17,[1530.0-1791.0],bbbb,Group: 5
2020-09-07,[1530.0-1791.0],bbbb,Group: 5
2020-09-03,[1530.0-1791.0],bbbb,Group: 5
2020-08-15,[1530.0-1791.0],bbbb,Group: 5
2021-03-07,[1780.0-2100.0],bbbb,Group: 6
2021-03-16,[1780.0-2100.0],bbbb,Group: 6
2021-03-26,[1780.0-2100.0],bbbb,Group: 6
2021-03-12,[1780.0-2100.0],bbbb,Group: 6
2021-03-17,[1780.0-2100.0],bbbb,Group: 6
2022-03-05,[1780.0-2100.0],bbbb,Group: 6
2022-02-28,[1780.0-2100.0],bbbb,Group: 6
2021-12-26,[1780.0-2100.0],bbbb,Group: 6
2021-03-19,[1780.0-2100.0],bbbb,Group: 6
2021-03-23,[1780.0-2100.0],bbbb,Group: 6
2022-03-23,[702.0-1129.0],bbbb,Group: 7
2022-03-12,[702.0-1129.0],bbbb,Group: 7
2022-03-13,[702.0-1129.0],bbbb,Group: 7
2020-07-29,[702.0-1129.0],bbbb,Group: 7
2022-03-19,[702.0-1129.0],bbbb,Group: 7
2020-07-21,[702.0-1129.0],bbbb,Group: 7
2020-08-01,[702.0-1129.0],bbbb,Group: 7
2020-07-23,[702.0-1129.0],bbbb,Group: 7
2022-03-16,[702.0-1129.0],bbbb,Group: 7
2021-03-15,[702.0-1129.0],bbbb,Group: 7
2022-03-17,[702.0-1129.0],bbbb,Group: 7
2020-07-17,[702.0-1129.0],bbbb,Group: 7
2022-03-18,[702.0-1129.0],bbbb,Group: 7
2020-07-19,[702.0-1129.0],bbbb,Group: 7
2020-11-26,[5378.0-6075.0],bbbb,Group: 8
2021-02-07,[5378.0-6075.0],bbbb,Group: 8
2021-02-10,[5378.0-6075.0],bbbb,Group: 8
2020-11-08,[5378.0-6075.0],bbbb,Group: 8
2022-01-10,[5378.0-6075.0],bbbb,Group: 8
2021-01-13,[5378.0-6075.0],bbbb,Group: 8
2020-11-29,[5378.0-6075.0],bbbb,Group: 8
2021-02-13,[5378.0-6075.0],bbbb,Group: 8
2020-11-10,[5378.0-6075.0],bbbb,Group: 8
2021-01-05,[5378.0-6075.0],bbbb,Group: 8
2020-12-18,[5378.0-6075.0],bbbb,Group: 8
2021-01-12,[5378.0-6075.0],bbbb,Group: 8
2021-02-20,[4650.0-5405.0],bbbb,Group: 9
2021-11-21,[4650.0-5405.0],bbbb,Group: 9
2021-11-23,[4650.0-5405.0],bbbb,Group: 9
2021-11-27,[4650.0-5405.0],bbbb,Group: 9
2021-01-01,[4650.0-5405.0],bbbb,Group: 9
2021-12-08,[4650.0-5405.0],bbbb,Group: 9
2021-02-11,[4650.0-5405.0],bbbb,Group: 9
2021-12-07,[4650.0-5405.0],bbbb,Group: 9
2021-12-01,[4650.0-5405.0],bbbb,Group: 9
2022-02-23,[4650.0-5405.0],bbbb,Group: 9
2021-02-16,[4650.0-5405.0],bbbb,Group: 9
2020-09-20,[4650.0-5405.0],bbbb,Group: 9
2020-11-17,[5022.0-5792.0],bbbb,Group: 10
2020-10-19,[5022.0-5792.0],bbbb,Group: 10
2020-12-25,[5022.0-5792.0],bbbb,Group: 10
2021-11-08,[5022.0-5792.0],bbbb,Group: 10
2021-04-12,[5022.0-5792.0],bbbb,Group: 10
2021-02-12,[5022.0-5792.0],bbbb,Group: 10
2021-01-27,[5022.0-5792.0],bbbb,Group: 10
2020-09-23,[5022.0-5792.0],bbbb,Group: 10
2020-12-08,[5022.0-5792.0],bbbb,Group: 10
2021-01-09,[5022.0-5792.0],bbbb,Group: 10
2022-02-19,[6244.0-6757.0],bbbb,Group: 11
2021-01-21,[6244.0-6757.0],bbbb,Group: 11
2020-10-14,[6244.0-6757.0],bbbb,Group: 11
2020-09-25,[6244.0-6757.0],bbbb,Group: 11
2020-11-18,[6244.0-6757.0],bbbb,Group: 11
2021-01-26,[6244.0-6757.0],bbbb,Group: 11
2020-09-24,[6244.0-6757.0],bbbb,Group: 11
2020-12-30,[6244.0-6757.0],bbbb,Group: 11
2021-01-06,[6244.0-6757.0],bbbb,Group: 11
2021-11-09,[6244.0-6757.0],bbbb,Group: 11
2020-10-20,[6244.0-6757.0],bbbb,Group: 11
2020-11-25,[6244.0-6757.0],bbbb,Group: 11
2020-10-22,[6996.0-7482.0],bbbb,Group: 12
2021-10-31,[6996.0-7482.0],bbbb,Group: 12
2021-10-30,[6996.0-7482.0],bbbb,Group: 12
2020-09-26,[6996.0-7482.0],bbbb,Group: 12
2020-11-11,[6996.0-7482.0],bbbb,Group: 12
2020-09-29,[6996.0-7482.0],bbbb,Group: 12
2021-10-11,[6996.0-7482.0],bbbb,Group: 12
2020-11-01,[6996.0-7482.0],bbbb,Group: 12
2021-06-21,[6996.0-7482.0],bbbb,Group: 12
2021-11-07,[6996.0-7482.0],bbbb,Group: 12
2021-11-03,[6996.0-7482.0],bbbb,Group: 12
2021-10-26,[6996.0-7482.0],bbbb,Group: 12
2020-09-27,[6996.0-7482.0],bbbb,Group: 12
2021-11-13,[6468.0-7002.0],bbbb,Group: 13
2021-11-05,[6468.0-7002.0],bbbb,Group: 13
2020-11-06,[6468.0-7002.0],bbbb,Group: 13
2021-01-20,[6468.0-7002.0],bbbb,Group: 13
2021-11-12,[6468.0-7002.0],bbbb,Group: 13
2021-10-25,[6468.0-7002.0],bbbb,Group: 13
2020-10-30,[6468.0-7002.0],bbbb,Group: 13
2020-11-03,[6468.0-7002.0],bbbb,Group: 13
2021-01-22,[6468.0-7002.0],bbbb,Group: 13
2021-10-18,[6468.0-7002.0],bbbb,Group: 13
2020-09-10,[3349.0-3830.0],bbbb,Group: 14
2021-11-29,[3349.0-3830.0],bbbb,Group: 14
2021-04-07,[3349.0-3830.0],bbbb,Group: 14
2021-02-26,[3349.0-3830.0],bbbb,Group: 14
2020-11-30,[3349.0-3830.0],bbbb,Group: 14
2020-09-16,[3349.0-3830.0],bbbb,Group: 14
2020-09-09,[3349.0-3830.0],bbbb,Group: 14
2021-12-16,[3349.0-3830.0],bbbb,Group: 14
2020-12-26,[3349.0-3830.0],bbbb,Group: 14
2020-11-09,[3349.0-3830.0],bbbb,Group: 14
2021-02-25,[3349.0-3830.0],bbbb,Group: 14
2021-12-11,[3349.0-3830.0],bbbb,Group: 14
2022-02-20,[4777.0-5427.0],bbbb,Group: 15
2020-10-05,[4777.0-5427.0],bbbb,Group: 15
2021-01-17,[4777.0-5427.0],bbbb,Group: 15
2020-12-17,[4777.0-5427.0],bbbb,Group: 15
2021-04-09,[4777.0-5427.0],bbbb,Group: 15
2021-01-08,[4777.0-5427.0],bbbb,Group: 15
2022-01-05,[4777.0-5427.0],bbbb,Group: 15
2020-12-03,[4777.0-5427.0],bbbb,Group: 15
2020-12-06,[4777.0-5427.0],bbbb,Group: 15
2020-11-22,[4777.0-5427.0],bbbb,Group: 15
2021-12-09,[4169.0-4875.0],bbbb,Group: 16
2021-11-30,[4169.0-4875.0],bbbb,Group: 16
2020-09-17,[4169.0-4875.0],bbbb,Group: 16
2021-11-26,[4169.0-4875.0],bbbb,Group: 16
2021-04-08,[4169.0-4875.0],bbbb,Group: 16
2020-12-13,[4169.0-4875.0],bbbb,Group: 16
2020-12-09,[4169.0-4875.0],bbbb,Group: 16
2021-12-02,[4169.0-4875.0],bbbb,Group: 16
2020-09-28,[4169.0-4875.0],bbbb,Group: 16
2021-01-03,[4169.0-4875.0],bbbb,Group: 16
2021-02-18,[4169.0-4875.0],bbbb,Group: 16
2021-01-25,[2540.0-3361.0],bbbb,Group: 17
2021-03-06,[2540.0-3361.0],bbbb,Group: 17
2021-12-29,[2540.0-3361.0],bbbb,Group: 17
2022-01-03,[2540.0-3361.0],bbbb,Group: 17
2020-09-21,[2540.0-3361.0],bbbb,Group: 17
2020-09-14,[2540.0-3361.0],bbbb,Group: 17
2020-09-11,[2540.0-3361.0],bbbb,Group: 17
2021-03-02,[2540.0-3361.0],bbbb,Group: 17
2020-12-07,[2540.0-3361.0],bbbb,Group: 17
2020-09-15,[2540.0-3361.0],bbbb,Group: 17
2021-03-09,[2316.0-2776.0],bbbb,Group: 18
2020-08-29,[2316.0-2776.0],bbbb,Group: 18
2021-03-05,[2316.0-2776.0],bbbb,Group: 18
2021-03-04,[2316.0-2776.0],bbbb,Group: 18
2020-08-26,[2316.0-2776.0],bbbb,Group: 18
2020-08-19,[2316.0-2776.0],bbbb,Group: 18
2020-11-16,[2316.0-2776.0],bbbb,Group: 18
2021-12-31,[2316.0-2776.0],bbbb,Group: 18
2021-12-13,[2316.0-2776.0],bbbb,Group: 18
2022-02-27,[2316.0-2776.0],bbbb,Group: 18
2021-03-31,[2316.0-2776.0],bbbb,Group: 18
2021-12-28,[2316.0-2776.0],bbbb,Group: 18
2021-12-21,[2316.0-2776.0],bbbb,Group: 18
2021-02-27,[3792.0-5942.0],bbbb,Group: 19
2020-12-10,[3792.0-5942.0],bbbb,Group: 19
2021-12-03,[3792.0-5942.0],bbbb,Group: 19
2021-02-06,[3792.0-5942.0],bbbb,Group: 19
2020-09-22,[3792.0-5942.0],bbbb,Group: 19
2021-01-31,[3792.0-5942.0],bbbb,Group: 19
2021-02-17,[3792.0-5942.0],bbbb,Group: 19
2022-01-07,[3792.0-5942.0],bbbb,Group: 19
2021-02-23,[3792.0-5942.0],bbbb,Group: 19
2020-12-27,[3792.0-5942.0],bbbb,Group: 19
2021-11-15,[3792.0-5942.0],bbbb,Group: 19
2021-12-15,[3792.0-5942.0],bbbb,Group: 19
2021-04-13,[5214.0-7515.0],bbbb,Group: 20
2020-12-01,[5214.0-7515.0],bbbb,Group: 20
2021-11-20,[5214.0-7515.0],bbbb,Group: 20
2021-11-06,[5214.0-7515.0],bbbb,Group: 20
2021-02-09,[5214.0-7515.0],bbbb,Group: 20
2020-10-27,[5214.0-7515.0],bbbb,Group: 20
2020-10-29,[5214.0-7515.0],bbbb,Group: 20
2020-12-12,[5214.0-7515.0],bbbb,Group: 20
2021-11-16,[5214.0-7515.0],bbbb,Group: 20
2020-12-31,[5214.0-7515.0],bbbb,Group: 20
2020-11-13,[5214.0-7515.0],bbbb,Group: 20
2020-12-19,[5214.0-7515.0],bbbb,Group: 20
2020-11-07,[7201.0-8253.0],bbbb,Group: 21
2021-04-15,[7201.0-8253.0],bbbb,Group: 21
2021-11-11,[7201.0-8253.0],bbbb,Group: 21
2021-11-10,[7201.0-8253.0],bbbb,Group: 21
2021-07-05,[7201.0-8253.0],bbbb,Group: 21
2021-10-17,[7201.0-8253.0],bbbb,Group: 21
2020-10-31,[7201.0-8253.0],bbbb,Group: 21
2020-10-18,[7201.0-8253.0],bbbb,Group: 21
2020-10-15,[7201.0-8253.0],bbbb,Group: 21
2020-10-06,[7201.0-8253.0],bbbb,Group: 21
2021-10-19,[7201.0-8253.0],bbbb,Group: 21
2022-02-18,[7201.0-8253.0],bbbb,Group: 21
2021-06-14,[7201.0-8253.0],bbbb,Group: 21
2021-10-16,[7201.0-8253.0],bbbb,Group: 21
2021-10-28,[7201.0-8253.0],bbbb,Group: 21
2021-07-12,[7201.0-8253.0],bbbb,Group: 21
2020-10-24,[7201.0-8253.0],bbbb,Group: 21
2021-05-31,[10691.0-12300.0],bbbb,Group: 22
2021-07-11,[10691.0-12300.0],bbbb,Group: 22
2021-09-28,[10691.0-12300.0],bbbb,Group: 22
2021-10-20,[10691.0-12300.0],bbbb,Group: 22
2021-10-10,[10691.0-12300.0],bbbb,Group: 22
2021-06-15,[10691.0-12300.0],bbbb,Group: 22
2021-06-26,[10691.0-12300.0],bbbb,Group: 22
2022-02-15,[10691.0-12300.0],bbbb,Group: 22
2021-06-20,[10691.0-12300.0],bbbb,Group: 22
2021-10-07,[10691.0-12300.0],bbbb,Group: 22
2021-10-03,[10691.0-12300.0],bbbb,Group: 22
2020-10-10,[10691.0-12300.0],bbbb,Group: 22
2021-09-27,[10691.0-12300.0],bbbb,Group: 22
2021-10-08,[10691.0-12300.0],bbbb,Group: 22
2021-10-13,[10691.0-12300.0],bbbb,Group: 22
2021-06-25,[11546.0-12818.0],bbbb,Group: 23
2021-08-16,[11546.0-12818.0],bbbb,Group: 23
2021-06-24,[11546.0-12818.0],bbbb,Group: 23
2021-06-23,[11546.0-12818.0],bbbb,Group: 23
2021-07-03,[11546.0-12818.0],bbbb,Group: 23
2021-07-04,[11546.0-12818.0],bbbb,Group: 23
2021-07-26,[11546.0-12818.0],bbbb,Group: 23
2021-09-29,[11546.0-12818.0],bbbb,Group: 23
2022-02-16,[11546.0-12818.0],bbbb,Group: 23
2021-06-13,[11546.0-12818.0],bbbb,Group: 23
2021-07-22,[11546.0-12818.0],bbbb,Group: 23
2021-06-17,[11546.0-12818.0],bbbb,Group: 23
2021-06-19,[11546.0-12818.0],bbbb,Group: 23
2021-06-22,[11546.0-12818.0],bbbb,Group: 23
2021-07-02,[11546.0-12818.0],bbbb,Group: 23
2022-05-18,[141.0-501.0],bbbb,Group: 24
2022-05-14,[141.0-501.0],bbbb,Group: 24
2020-07-08,[141.0-501.0],bbbb,Group: 24
2022-05-11,[141.0-501.0],bbbb,Group: 24
2020-06-23,[141.0-501.0],bbbb,Group: 24
2022-04-03,[141.0-501.0],bbbb,Group: 24
2022-04-28,[141.0-501.0],bbbb,Group: 24
2020-07-03,[141.0-501.0],bbbb,Group: 24
2022-05-03,[141.0-501.0],bbbb,Group: 24
2022-04-08,[141.0-501.0],bbbb,Group: 24
2022-04-16,[141.0-501.0],bbbb,Group: 24
2022-04-29,[141.0-501.0],bbbb,Group: 24
2021-03-14,[160.0-1792.0],bbbb,Group: 25
2020-07-15,[160.0-1792.0],bbbb,Group: 25
2020-08-10,[160.0-1792.0],bbbb,Group: 25
2022-04-06,[160.0-1792.0],bbbb,Group: 25
2022-03-21,[160.0-1792.0],bbbb,Group: 25
2021-03-22,[160.0-1792.0],bbbb,Group: 25
2020-07-14,[160.0-1792.0],bbbb,Group: 25
2020-08-06,[160.0-1792.0],bbbb,Group: 25
2022-04-07,[160.0-1792.0],bbbb,Group: 25
2020-06-27,[160.0-1792.0],bbbb,Group: 25
2020-07-02,[160.0-1792.0],bbbb,Group: 25
2022-05-17,[160.0-1792.0],bbbb,Group: 25
2020-09-01,[160.0-1792.0],bbbb,Group: 25
2021-12-10,[1908.0-3972.0],bbbb,Group: 26
2020-09-13,[1908.0-3972.0],bbbb,Group: 26
2020-08-23,[1908.0-3972.0],bbbb,Group: 26
2020-08-21,[1908.0-3972.0],bbbb,Group: 26
2022-03-01,[1908.0-3972.0],bbbb,Group: 26
2021-04-03,[1908.0-3972.0],bbbb,Group: 26
2021-03-30,[1908.0-3972.0],bbbb,Group: 26
2020-09-06,[1908.0-3972.0],bbbb,Group: 26
2021-02-08,[1908.0-3972.0],bbbb,Group: 26
2021-11-22,[1908.0-3972.0],bbbb,Group: 26
2021-12-18,[1908.0-3972.0],bbbb,Group: 26
2021-01-11,[1908.0-3972.0],bbbb,Group: 26
2020-09-12,[1908.0-3972.0],bbbb,Group: 26
2022-03-22,[702.0-2479.0],bbbb,Group: 27
2020-08-25,[702.0-2479.0],bbbb,Group: 27
2021-03-27,[702.0-2479.0],bbbb,Group: 27
2022-03-03,[702.0-2479.0],bbbb,Group: 27
2020-07-16,[702.0-2479.0],bbbb,Group: 27
2021-12-30,[702.0-2479.0],bbbb,Group: 27
2022-03-10,[702.0-2479.0],bbbb,Group: 27
2020-07-28,[702.0-2479.0],bbbb,Group: 27
2021-12-25,[702.0-2479.0],bbbb,Group: 27
2021-03-11,[702.0-2479.0],bbbb,Group: 27
2020-09-04,[702.0-2479.0],bbbb,Group: 27
2021-03-10,[702.0-2479.0],bbbb,Group: 27
2021-03-20,[702.0-2479.0],bbbb,Group: 27
2020-08-20,[702.0-2479.0],bbbb,Group: 27
2022-03-07,[702.0-2479.0],bbbb,Group: 27
2021-06-27,[4545.0-10905.0],bbbb,Group: 28
2021-04-14,[4545.0-10905.0],bbbb,Group: 28
2021-11-01,[4545.0-10905.0],bbbb,Group: 28
2020-11-20,[4545.0-10905.0],bbbb,Group: 28
2021-01-10,[4545.0-10905.0],bbbb,Group: 28
2020-10-25,[4545.0-10905.0],bbbb,Group: 28
2021-11-04,[4545.0-10905.0],bbbb,Group: 28
2020-11-04,[4545.0-10905.0],bbbb,Group: 28
2021-10-29,[4545.0-10905.0],bbbb,Group: 28
2020-10-28,[4545.0-10905.0],bbbb,Group: 28
2020-10-11,[6820.0-9347.0],bbbb,Group: 29
2020-10-01,[6820.0-9347.0],bbbb,Group: 29
2021-10-15,[6820.0-9347.0],bbbb,Group: 29
2020-11-05,[6820.0-9347.0],bbbb,Group: 29
2021-10-24,[6820.0-9347.0],bbbb,Group: 29
2020-10-16,[6820.0-9347.0],bbbb,Group: 29
2021-10-12,[6820.0-9347.0],bbbb,Group: 29
2021-01-23,[6820.0-9347.0],bbbb,Group: 29
2021-04-11,[6820.0-9347.0],bbbb,Group: 29
2020-10-02,[6820.0-9347.0],bbbb,Group: 29
2021-10-14,[6820.0-9347.0],bbbb,Group: 29
2020-10-03,[6820.0-9347.0],bbbb,Group: 29
2021-10-04,[6820.0-9347.0],bbbb,Group: 29
2021-10-21,[6820.0-9347.0],bbbb,Group: 29
2020-10-21,[6820.0-9347.0],bbbb,Group: 29
2021-01-07,[5051.0-6849.0],bbbb,Group: 30
2021-01-02,[5051.0-6849.0],bbbb,Group: 30
2020-11-21,[5051.0-6849.0],bbbb,Group: 30
2021-01-14,[5051.0-6849.0],bbbb,Group: 30
2020-12-22,[5051.0-6849.0],bbbb,Group: 30
2021-11-18,[5051.0-6849.0],bbbb,Group: 30
2021-04-10,[5051.0-6849.0],bbbb,Group: 30
2021-02-05,[5051.0-6849.0],bbbb,Group: 30
2020-11-24,[5051.0-6849.0],bbbb,Group: 30
2020-10-08,[5051.0-6849.0],bbbb,Group: 30
2020-12-04,[5051.0-6849.0],bbbb,Group: 30
2021-11-14,[5051.0-6849.0],bbbb,Group: 30
2021-01-16,[5051.0-6849.0],bbbb,Group: 30
2021-01-29,[5051.0-6849.0],bbbb,Group: 30
2021-11-02,[5051.0-6849.0],bbbb,Group: 30
2021-11-17,[5051.0-6849.0],bbbb,Group: 30
2020-12-15,[5051.0-6849.0],bbbb,Group: 30
2020-12-24,[5051.0-6849.0],bbbb,Group: 30
2021-08-22,[10402.0-16012.0],bbbb,Group: 31
2021-06-18,[10402.0-16012.0],bbbb,Group: 31
2021-09-30,[10402.0-16012.0],bbbb,Group: 31
2021-07-13,[10402.0-16012.0],bbbb,Group: 31
2021-10-02,[10402.0-16012.0],bbbb,Group: 31
2022-02-11,[10402.0-16012.0],bbbb,Group: 31
2021-07-14,[10402.0-16012.0],bbbb,Group: 31
2021-04-19,[10402.0-16012.0],bbbb,Group: 31
2022-01-12,[10402.0-16012.0],bbbb,Group: 31
2021-10-06,[10402.0-16012.0],bbbb,Group: 31
2022-02-10,[13832.0-18420.0],bbbb,Group: 32
2021-06-06,[13832.0-18420.0],bbbb,Group: 32
2021-09-13,[13832.0-18420.0],bbbb,Group: 32
2021-09-15,[13832.0-18420.0],bbbb,Group: 32
2021-06-09,[13832.0-18420.0],bbbb,Group: 32
2021-05-24,[13832.0-18420.0],bbbb,Group: 32
2021-06-12,[13832.0-18420.0],bbbb,Group: 32
2021-09-21,[13832.0-18420.0],bbbb,Group: 32
2022-01-14,[13832.0-18420.0],bbbb,Group: 32
2021-09-14,[13832.0-18420.0],bbbb,Group: 32
2022-02-12,[13832.0-18420.0],bbbb,Group: 32
2021-04-24,[22064.0-26685.0],bbbb,Group: 33
2022-02-07,[22064.0-26685.0],bbbb,Group: 33
2021-07-27,[22064.0-26685.0],bbbb,Group: 33
2021-05-03,[22064.0-26685.0],bbbb,Group: 33
2021-05-27,[22064.0-26685.0],bbbb,Group: 33
2021-05-29,[22064.0-26685.0],bbbb,Group: 33
2022-01-17,[22064.0-26685.0],bbbb,Group: 33
2021-07-29,[22064.0-26685.0],bbbb,Group: 33
2021-05-28,[22064.0-26685.0],bbbb,Group: 33
2021-09-17,[22064.0-26685.0],bbbb,Group: 33
2021-05-23,[22064.0-26685.0],bbbb,Group: 33
2021-08-04,[22064.0-26685.0],bbbb,Group: 33
2021-09-16,[22064.0-26685.0],bbbb,Group: 33
2021-08-30,[19622.0-23676.0],bbbb,Group: 34
2021-08-01,[19622.0-23676.0],bbbb,Group: 34
2021-08-11,[19622.0-23676.0],bbbb,Group: 34
2021-09-22,[19622.0-23676.0],bbbb,Group: 34
2021-08-07,[19622.0-23676.0],bbbb,Group: 34
2021-04-21,[19622.0-23676.0],bbbb,Group: 34
2021-08-19,[19622.0-23676.0],bbbb,Group: 34
2021-04-26,[19622.0-23676.0],bbbb,Group: 34
2021-08-18,[19622.0-23676.0],bbbb,Group: 34
2021-09-11,[19622.0-23676.0],bbbb,Group: 34
2021-07-30,[19622.0-23676.0],bbbb,Group: 34
2021-08-03,[19622.0-23676.0],bbbb,Group: 34
2021-07-31,[19622.0-23676.0],bbbb,Group: 34
2022-02-09,[19622.0-23676.0],bbbb,Group: 34
2021-08-13,[19622.0-23676.0],bbbb,Group: 34
2021-06-08,[15567.0-18607.0],bbbb,Group: 35
2021-07-24,[15567.0-18607.0],bbbb,Group: 35
2021-08-08,[15567.0-18607.0],bbbb,Group: 35
2021-07-25,[15567.0-18607.0],bbbb,Group: 35
2021-08-21,[15567.0-18607.0],bbbb,Group: 35
2021-06-04,[15567.0-18607.0],bbbb,Group: 35
2021-09-20,[15567.0-18607.0],bbbb,Group: 35
2021-07-07,[15567.0-18607.0],bbbb,Group: 35
2021-09-24,[15567.0-18607.0],bbbb,Group: 35
2021-04-18,[15567.0-18607.0],bbbb,Group: 35
2021-07-20,[15567.0-18607.0],bbbb,Group: 35
2021-07-17,[15567.0-18607.0],bbbb,Group: 35
2021-09-25,[15567.0-18607.0],bbbb,Group: 35
2022-01-16,[15567.0-18607.0],bbbb,Group: 35
2021-08-15,[15567.0-18607.0],bbbb,Group: 35
2021-07-21,[15567.0-18607.0],bbbb,Group: 35
2021-09-26,[15567.0-18607.0],bbbb,Group: 35
2021-08-17,[17328.0-21613.0],bbbb,Group: 36
2022-01-15,[17328.0-21613.0],bbbb,Group: 36
2021-06-01,[17328.0-21613.0],bbbb,Group: 36
2021-09-23,[17328.0-21613.0],bbbb,Group: 36
2021-07-23,[17328.0-21613.0],bbbb,Group: 36
2021-06-03,[17328.0-21613.0],bbbb,Group: 36
2021-06-05,[17328.0-21613.0],bbbb,Group: 36
2021-09-12,[17328.0-21613.0],bbbb,Group: 36
2021-08-10,[17328.0-21613.0],bbbb,Group: 36
2021-06-02,[17328.0-21613.0],bbbb,Group: 36
2021-08-14,[17328.0-21613.0],bbbb,Group: 36
2021-04-20,[17328.0-21613.0],bbbb,Group: 36
2021-09-19,[17328.0-21613.0],bbbb,Group: 36
2021-09-18,[17328.0-21613.0],bbbb,Group: 36
2021-09-06,[17328.0-21613.0],bbbb,Group: 36
2021-05-30,[17328.0-21613.0],bbbb,Group: 36
2022-01-24,[26514.0-30077.0],bbbb,Group: 37
2021-05-25,[26514.0-30077.0],bbbb,Group: 37
2021-04-22,[26514.0-30077.0],bbbb,Group: 37
2021-05-26,[26514.0-30077.0],bbbb,Group: 37
2021-05-16,[26514.0-30077.0],bbbb,Group: 37
2022-02-06,[26514.0-30077.0],bbbb,Group: 37
2021-05-21,[26514.0-30077.0],bbbb,Group: 37
2021-08-29,[26514.0-30077.0],bbbb,Group: 37
2021-05-22,[26514.0-30077.0],bbbb,Group: 37
2021-08-26,[26514.0-30077.0],bbbb,Group: 37
2022-02-08,[26514.0-30077.0],bbbb,Group: 37
2021-04-30,[30491.0-37199.0],bbbb,Group: 38
2021-09-02,[30491.0-37199.0],bbbb,Group: 38
2021-09-01,[30491.0-37199.0],bbbb,Group: 38
2021-05-20,[30491.0-37199.0],bbbb,Group: 38
2021-08-27,[30491.0-37199.0],bbbb,Group: 38
2021-08-25,[30491.0-37199.0],bbbb,Group: 38
2021-08-28,[30491.0-37199.0],bbbb,Group: 38
2021-05-14,[30491.0-37199.0],bbbb,Group: 38
2022-02-05,[30491.0-37199.0],bbbb,Group: 38
2021-05-15,[30491.0-37199.0],bbbb,Group: 38
2021-04-27,[30491.0-37199.0],bbbb,Group: 38
2021-05-18,[24296.0-31337.0],bbbb,Group: 39
2021-08-24,[24296.0-31337.0],bbbb,Group: 39
2021-08-31,[24296.0-31337.0],bbbb,Group: 39
2021-04-23,[24296.0-31337.0],bbbb,Group: 39
2021-05-10,[24296.0-31337.0],bbbb,Group: 39
2021-09-04,[24296.0-31337.0],bbbb,Group: 39
2021-09-08,[24296.0-31337.0],bbbb,Group: 39
2021-04-25,[24296.0-31337.0],bbbb,Group: 39
2022-01-18,[24296.0-31337.0],bbbb,Group: 39
2021-09-03,[24296.0-31337.0],bbbb,Group: 39
2021-08-06,[19948.0-26701.0],bbbb,Group: 40
2021-09-10,[19948.0-26701.0],bbbb,Group: 40
2021-07-28,[19948.0-26701.0],bbbb,Group: 40
2021-09-09,[19948.0-26701.0],bbbb,Group: 40
2021-08-05,[19948.0-26701.0],bbbb,Group: 40
2021-08-12,[19948.0-26701.0],bbbb,Group: 40
2021-09-05,[19948.0-26701.0],bbbb,Group: 40
2021-08-20,[19948.0-26701.0],bbbb,Group: 40
2021-05-17,[19948.0-26701.0],bbbb,Group: 40
2021-09-07,[19948.0-26701.0],bbbb,Group: 40
2022-01-25,[41668.0-55475.0],bbbb,Group: 41
2022-02-03,[41668.0-55475.0],bbbb,Group: 41
2022-01-22,[41668.0-55475.0],bbbb,Group: 41
2022-01-27,[41668.0-55475.0],bbbb,Group: 41
2022-01-29,[41668.0-55475.0],bbbb,Group: 41
2022-01-30,[41668.0-55475.0],bbbb,Group: 41
2022-02-02,[41668.0-55475.0],bbbb,Group: 41
2022-01-28,[41668.0-55475.0],bbbb,Group: 41
2022-01-21,[41668.0-55475.0],bbbb,Group: 41
2022-01-26,[41668.0-55475.0],bbbb,Group: 41
2022-01-20,[41668.0-55475.0],bbbb,Group: 41
2022-02-01,[41668.0-55475.0],bbbb,Group: 41
2021-05-06,[41668.0-55475.0],bbbb,Group: 41
2022-01-23,[41668.0-55475.0],bbbb,Group: 41
2021-05-02,[31959.0-43529.0],bbbb,Group: 42
2022-02-04,[31959.0-43529.0],bbbb,Group: 42
2021-05-09,[31959.0-43529.0],bbbb,Group: 42
2022-01-31,[31959.0-43529.0],bbbb,Group: 42
2021-04-28,[31959.0-43529.0],bbbb,Group: 42
2021-05-08,[31959.0-43529.0],bbbb,Group: 42
2021-05-05,[31959.0-43529.0],bbbb,Group: 42
2021-05-01,[31959.0-43529.0],bbbb,Group: 42
2021-05-12,[31959.0-43529.0],bbbb,Group: 42
2021-05-11,[31959.0-43529.0],bbbb,Group: 42
2021-05-04,[31959.0-43529.0],bbbb,Group: 42
2022-01-19,[31959.0-43529.0],bbbb,Group: 42
2021-05-07,[31959.0-43529.0],bbbb,Group: 42
2021-05-13,[31959.0-43529.0],bbbb,Group: 42
2021-05-19,[31959.0-43529.0],bbbb,Group: 42
2021-04-29,[31959.0-43529.0],bbbb,Group: 42
2020-05-07,[0.0-0.0],aaaa,Group: 43
2020-02-26,[0.0-0.0],aaaa,Group: 43
2020-02-07,[0.0-0.0],aaaa,Group: 43
2020-02-21,[0.0-0.0],aaaa,Group: 43
2020-02-13,[0.0-0.0],aaaa,Group: 43
2020-01-31,[0.0-0.0],aaaa,Group: 43
2020-03-02,[0.0-0.0],aaaa,Group: 43
2020-02-28,[0.0-0.0],aaaa,Group: 43
2020-02-01,[0.0-0.0],aaaa,Group: 43
2020-03-04,[0.0-0.0],aaaa,Group: 43
2020-03-01,[0.0-0.0],aaaa,Group: 44
2020-02-08,[0.0-0.0],aaaa,Group: 44
2020-03-18,[0.0-0.0],aaaa,Group: 44
2020-02-20,[0.0-0.0],aaaa,Group: 44
2020-02-10,[0.0-0.0],aaaa,Group: 44
2020-03-03,[0.0-0.0],aaaa,Group: 44
2020-02-22,[0.0-0.0],aaaa,Group: 44
2020-02-25,[0.0-0.0],aaaa,Group: 44
2020-02-12,[0.0-0.0],aaaa,Group: 44
2020-03-14,[0.0-0.0],aaaa,Group: 44
2020-03-06,[0.0-2543.0],bbbb,Group: 45
2022-03-04,[0.0-2543.0],bbbb,Group: 45
2021-02-22,[0.0-2543.0],bbbb,Group: 45
2021-03-28,[0.0-2543.0],bbbb,Group: 45
2021-04-05,[0.0-2543.0],bbbb,Group: 45
2022-03-02,[0.0-2543.0],bbbb,Group: 45
2020-08-27,[0.0-2543.0],bbbb,Group: 45
2022-01-01,[0.0-2543.0],bbbb,Group: 45
2021-04-02,[0.0-2543.0],bbbb,Group: 45
2020-08-28,[0.0-2543.0],bbbb,Group: 45
2020-12-21,[2605.0-3423.0],bbbb,Group: 46
2021-04-04,[2605.0-3423.0],bbbb,Group: 46
2021-12-24,[2605.0-3423.0],bbbb,Group: 46
2021-02-28,[2605.0-3423.0],bbbb,Group: 46
2021-12-14,[2605.0-3423.0],bbbb,Group: 46
2022-01-02,[2605.0-3423.0],bbbb,Group: 46
2021-12-22,[2605.0-3423.0],bbbb,Group: 46
2021-01-18,[2605.0-3423.0],bbbb,Group: 46
2020-09-08,[2605.0-3423.0],bbbb,Group: 46
2022-02-26,[2605.0-3423.0],bbbb,Group: 46
2020-03-07,[0.0-13750.0],bbbb,Group: 67
2021-07-01,[0.0-13750.0],bbbb,Group: 67
2021-08-09,[0.0-13750.0],bbbb,Group: 67
2021-06-16,[0.0-13750.0],bbbb,Group: 67
2021-08-23,[0.0-13750.0],bbbb,Group: 67
2022-01-13,[0.0-13750.0],bbbb,Group: 67
2021-06-29,[0.0-13750.0],bbbb,Group: 67
2021-07-09,[0.0-13750.0],bbbb,Group: 67
2021-06-30,[0.0-13750.0],bbbb,Group: 67
2021-07-16,[0.0-13750.0],bbbb,Group: 67
2021-06-10,[13772.0-14424.0],bbbb,Group: 68
2021-08-02,[13772.0-14424.0],bbbb,Group: 68
2021-07-06,[13772.0-14424.0],bbbb,Group: 68
2021-07-08,[13772.0-14424.0],bbbb,Group: 68
2021-04-17,[13772.0-14424.0],bbbb,Group: 68
2021-10-01,[13772.0-14424.0],bbbb,Group: 68
2021-06-11,[13772.0-14424.0],bbbb,Group: 68
2021-07-10,[13772.0-14424.0],bbbb,Group: 68
2021-07-18,[13772.0-14424.0],bbbb,Group: 68
2021-07-15,[13772.0-14424.0],bbbb,Group: 68
2020-04-30,[1.0-2.0],bbbb,Group: 69
2020-04-19,[1.0-2.0],bbbb,Group: 69
2020-02-02,[1.0-2.0],bbbb,Group: 69
2020-03-15,[1.0-2.0],bbbb,Group: 69
2020-04-12,[1.0-2.0],bbbb,Group: 69
2020-04-17,[1.0-2.0],bbbb,Group: 69
2020-03-12,[1.0-2.0],bbbb,Group: 69
2020-05-08,[1.0-2.0],bbbb,Group: 69
2020-02-03,[1.0-2.0],bbbb,Group: 69
2020-03-19,[1.0-2.0],bbbb,Group: 69
2020-05-01,[0.0-279.0],bbbb,Group: 70
2020-04-11,[0.0-279.0],bbbb,Group: 70
2020-06-26,[0.0-279.0],bbbb,Group: 70
2020-05-29,[0.0-279.0],bbbb,Group: 70
2020-03-16,[0.0-279.0],bbbb,Group: 70
2022-04-17,[0.0-279.0],bbbb,Group: 70
2020-04-23,[0.0-279.0],bbbb,Group: 70
2020-05-09,[0.0-279.0],bbbb,Group: 70
2020-07-04,[0.0-279.0],bbbb,Group: 70
2020-04-08,[0.0-279.0],bbbb,Group: 70
2020-06-21,[0.0-279.0],bbbb,Group: 70
2020-06-02,[0.0-279.0],bbbb,Group: 70
2020-06-11,[0.0-279.0],bbbb,Group: 70
2020-05-04,[0.0-279.0],bbbb,Group: 70
2020-06-28,[0.0-279.0],bbbb,Group: 70
2020-05-14,[13.0-26.0],bbbb,Group: 71
2020-04-06,[13.0-26.0],bbbb,Group: 71
2020-04-02,[13.0-26.0],bbbb,Group: 71
2020-03-26,[13.0-26.0],bbbb,Group: 71
2020-05-17,[13.0-26.0],bbbb,Group: 71
2020-04-21,[13.0-26.0],bbbb,Group: 71
2020-04-27,[13.0-26.0],bbbb,Group: 71
2020-03-29,[13.0-26.0],bbbb,Group: 71
2020-04-01,[13.0-26.0],bbbb,Group: 71
2020-05-15,[13.0-26.0],bbbb,Group: 71
2020-02-09,[0.0-927.0],bbbb,Group: 72
2022-04-04,[0.0-927.0],bbbb,Group: 72
2022-05-20,[0.0-927.0],bbbb,Group: 72
2020-04-29,[0.0-927.0],bbbb,Group: 72
2020-07-05,[0.0-927.0],bbbb,Group: 72
2020-05-18,[0.0-927.0],bbbb,Group: 72
2020-07-26,[0.0-927.0],bbbb,Group: 72
2022-04-11,[0.0-927.0],bbbb,Group: 72
2022-05-16,[0.0-927.0],bbbb,Group: 72
2022-05-01,[0.0-927.0],bbbb,Group: 72
2020-06-15,[0.0-927.0],bbbb,Group: 72
2022-05-13,[0.0-927.0],bbbb,Group: 72
2020-04-24,[0.0-927.0],bbbb,Group: 72
2022-04-14,[233.0-347.0],bbbb,Group: 73
2022-04-21,[233.0-347.0],bbbb,Group: 73
2022-04-30,[233.0-347.0],bbbb,Group: 73
2022-04-22,[233.0-347.0],bbbb,Group: 73
2022-04-24,[233.0-347.0],bbbb,Group: 73
2022-05-15,[233.0-347.0],bbbb,Group: 73
2022-04-20,[233.0-347.0],bbbb,Group: 73
2022-04-27,[233.0-347.0],bbbb,Group: 73
2022-05-08,[233.0-347.0],bbbb,Group: 73
2022-03-28,[233.0-347.0],bbbb,Group: 73
2020-07-12,[341.0-435.0],bbbb,Group: 74
2022-04-01,[341.0-435.0],bbbb,Group: 74
2022-05-09,[341.0-435.0],bbbb,Group: 74
2022-04-26,[341.0-435.0],bbbb,Group: 74
2022-04-05,[341.0-435.0],bbbb,Group: 74
2022-05-05,[341.0-435.0],bbbb,Group: 74
2020-07-10,[341.0-435.0],bbbb,Group: 74
2022-05-04,[341.0-435.0],bbbb,Group: 74
2022-05-07,[341.0-435.0],bbbb,Group: 74
2022-03-27,[341.0-435.0],bbbb,Group: 74
2022-05-12,[341.0-435.0],bbbb,Group: 74
2022-03-09,[885.0-1421.0],bbbb,Group: 75
2020-07-31,[885.0-1421.0],bbbb,Group: 75
2020-08-05,[885.0-1421.0],bbbb,Group: 75
2020-07-24,[885.0-1421.0],bbbb,Group: 75
2022-03-06,[885.0-1421.0],bbbb,Group: 75
2021-03-08,[885.0-1421.0],bbbb,Group: 75
2020-08-08,[885.0-1421.0],bbbb,Group: 75
2020-08-11,[885.0-1421.0],bbbb,Group: 75
2020-08-07,[885.0-1421.0],bbbb,Group: 75
2020-08-24,[885.0-1421.0],bbbb,Group: 75
2020-08-12,[347.0-1212.0],bbbb,Group: 76
2020-07-22,[347.0-1212.0],bbbb,Group: 76
2020-07-25,[347.0-1212.0],bbbb,Group: 76
2020-08-09,[347.0-1212.0],bbbb,Group: 76
2020-07-27,[347.0-1212.0],bbbb,Group: 76
2022-03-11,[347.0-1212.0],bbbb,Group: 76
2020-08-03,[347.0-1212.0],bbbb,Group: 76
2022-03-14,[347.0-1212.0],bbbb,Group: 76
2020-07-20,[347.0-1212.0],bbbb,Group: 76
2022-03-30,[347.0-1212.0],bbbb,Group: 76
2022-05-06,[347.0-1212.0],bbbb,Group: 76
2022-04-09,[347.0-1212.0],bbbb,Group: 76
2020-07-13,[347.0-1212.0],bbbb,Group: 76
2022-03-20,[347.0-1212.0],bbbb,Group: 76
2022-05-19,[347.0-1212.0],bbbb,Group: 76
2020-08-04,[347.0-1212.0],bbbb,Group: 76
2020-08-02,[347.0-1212.0],bbbb,Group: 76
2020-11-12,[5537.0-6102.0],bbbb,Group: 77
2021-11-19,[5537.0-6102.0],bbbb,Group: 77
2021-02-04,[5537.0-6102.0],bbbb,Group: 77
2021-02-02,[5537.0-6102.0],bbbb,Group: 77
2020-11-19,[5537.0-6102.0],bbbb,Group: 77
2021-01-15,[5537.0-6102.0],bbbb,Group: 77
2020-12-20,[5537.0-6102.0],bbbb,Group: 77
2021-11-25,[5537.0-6102.0],bbbb,Group: 77
2022-02-22,[5537.0-6102.0],bbbb,Group: 77
2020-12-29,[5537.0-6102.0],bbbb,Group: 77
2020-11-14,[5771.0-6357.0],bbbb,Group: 78
2022-01-08,[5771.0-6357.0],bbbb,Group: 78
2020-12-23,[5771.0-6357.0],bbbb,Group: 78
2021-02-03,[5771.0-6357.0],bbbb,Group: 78
2020-12-02,[5771.0-6357.0],bbbb,Group: 78
2021-01-28,[5771.0-6357.0],bbbb,Group: 78
2020-12-16,[5771.0-6357.0],bbbb,Group: 78
2020-12-05,[5771.0-6357.0],bbbb,Group: 78
2021-01-19,[5771.0-6357.0],bbbb,Group: 78
2022-01-09,[5771.0-6357.0],bbbb,Group: 78
2020-11-28,[5771.0-6357.0],bbbb,Group: 78
2020-10-12,[5771.0-6357.0],bbbb,Group: 78
2021-01-30,[5771.0-6357.0],bbbb,Group: 78
2021-01-24,[5771.0-6357.0],bbbb,Group: 78
2021-02-14,[3966.0-4612.0],bbbb,Group: 79
2021-02-24,[3966.0-4612.0],bbbb,Group: 79
2020-11-27,[3966.0-4612.0],bbbb,Group: 79
2021-02-19,[3966.0-4612.0],bbbb,Group: 79
2021-11-28,[3966.0-4612.0],bbbb,Group: 79
2020-11-15,[3966.0-4612.0],bbbb,Group: 79
2021-02-21,[3966.0-4612.0],bbbb,Group: 79
2022-02-24,[3966.0-4612.0],bbbb,Group: 79
2020-09-18,[3966.0-4612.0],bbbb,Group: 79
2020-10-26,[3966.0-4612.0],bbbb,Group: 79
2022-01-06,[2995.0-4649.0],bbbb,Group: 80
2021-12-19,[2995.0-4649.0],bbbb,Group: 80
2022-01-04,[2995.0-4649.0],bbbb,Group: 80
2020-09-19,[2995.0-4649.0],bbbb,Group: 80
2021-02-01,[2995.0-4649.0],bbbb,Group: 80
2021-12-12,[2995.0-4649.0],bbbb,Group: 80
2022-02-21,[2995.0-4649.0],bbbb,Group: 80
2021-04-06,[2995.0-4649.0],bbbb,Group: 80
2022-02-25,[2995.0-4649.0],bbbb,Group: 80
2020-11-23,[2995.0-4649.0],bbbb,Group: 80
2021-12-05,[2995.0-4649.0],bbbb,Group: 80
2021-12-17,[2995.0-4649.0],bbbb,Group: 80
2020-12-11,[2995.0-4649.0],bbbb,Group: 80
2021-12-04,[2995.0-4649.0],bbbb,Group: 80
2021-06-28,[8063.0-11136.0],bbbb,Group: 81
2021-10-05,[8063.0-11136.0],bbbb,Group: 81
2021-10-22,[8063.0-11136.0],bbbb,Group: 81
2022-02-13,[8063.0-11136.0],bbbb,Group: 81
2020-10-07,[8063.0-11136.0],bbbb,Group: 81
2022-01-11,[8063.0-11136.0],bbbb,Group: 81
2020-10-04,[8063.0-11136.0],bbbb,Group: 81
2022-02-14,[8063.0-11136.0],bbbb,Group: 81
2021-04-16,[8063.0-11136.0],bbbb,Group: 81
2021-10-09,[8063.0-11136.0],bbbb,Group: 81
2021-10-27,[8511.0-9931.0],bbbb,Group: 82
2020-10-17,[8511.0-9931.0],bbbb,Group: 82
2022-02-17,[8511.0-9931.0],bbbb,Group: 82
2020-10-13,[8511.0-9931.0],bbbb,Group: 82
2020-10-23,[8511.0-9931.0],bbbb,Group: 82
2020-10-09,[8511.0-9931.0],bbbb,Group: 82
2020-09-30,[8511.0-9931.0],bbbb,Group: 82
2021-07-19,[8511.0-9931.0],bbbb,Group: 82
2021-10-23,[8511.0-9931.0],bbbb,Group: 82
2021-06-07,[8511.0-9931.0],bbbb,Group: 82
2020-05-27,[7.0-40.0],bbbb,Group: 83
2020-03-25,[7.0-40.0],bbbb,Group: 83
2020-04-09,[7.0-40.0],bbbb,Group: 83
2020-05-19,[7.0-40.0],bbbb,Group: 83
2020-05-21,[7.0-40.0],bbbb,Group: 83
2020-03-22,[7.0-40.0],bbbb,Group: 83
2020-04-04,[7.0-40.0],bbbb,Group: 83
2020-05-16,[7.0-40.0],bbbb,Group: 83
2020-04-03,[7.0-40.0],bbbb,Group: 83
2020-04-10,[7.0-40.0],bbbb,Group: 83
2020-03-17,[0.0-3.0],aaaa,Group: 84
2020-02-19,[0.0-3.0],aaaa,Group: 84
2020-02-05,[0.0-3.0],aaaa,Group: 84
2020-02-23,[0.0-3.0],aaaa,Group: 84
2020-04-13,[0.0-3.0],eeee,Group: 84
2020-03-08,[0.0-3.0],aaaa,Group: 84
2020-03-11,[0.0-3.0],aaaa,Group: 84
2020-05-02,[0.0-3.0],eeee,Group: 84
2020-05-05,[0.0-3.0],eeee,Group: 84
2020-04-15,[0.0-3.0],eeee,Group: 84
2020-02-18,[0.0-3.0],aaaa,Group: 84
2020-06-07,[8.0-107.0],bbbb,Group: 85
2020-06-14,[8.0-107.0],bbbb,Group: 85
2020-05-24,[8.0-107.0],bbbb,Group: 85
2020-06-04,[8.0-107.0],bbbb,Group: 85
2020-03-10,[8.0-107.0],bbbb,Group: 85
2020-06-12,[8.0-107.0],bbbb,Group: 85
2020-06-08,[8.0-107.0],bbbb,Group: 85
2020-05-31,[8.0-107.0],bbbb,Group: 85
2020-05-30,[8.0-107.0],bbbb,Group: 85
2020-03-21,[8.0-107.0],bbbb,Group: 85
2020-03-28,[6.0-14.0],bbbb,Group: 86
2020-05-13,[6.0-14.0],bbbb,Group: 86
2020-04-22,[6.0-14.0],bbbb,Group: 86
2020-03-24,[6.0-14.0],bbbb,Group: 86
2020-05-11,[6.0-14.0],bbbb,Group: 86
2020-03-31,[6.0-14.0],bbbb,Group: 86
2020-03-20,[6.0-14.0],bbbb,Group: 86
2020-04-26,[6.0-14.0],bbbb,Group: 86
2020-04-14,[6.0-14.0],bbbb,Group: 86
2020-04-05,[6.0-14.0],bbbb,Group: 86
2020-04-07,[6.0-14.0],bbbb,Group: 86
2021-11-24,[1193.0-4280.0],bbbb,Group: 87
2021-12-06,[1193.0-4280.0],bbbb,Group: 87
2021-01-04,[1193.0-4280.0],bbbb,Group: 87
2020-11-02,[1193.0-4280.0],bbbb,Group: 87
2022-03-15,[1193.0-4280.0],bbbb,Group: 87
2021-12-27,[1193.0-4280.0],bbbb,Group: 87
2021-03-21,[1193.0-4280.0],bbbb,Group: 87
2020-09-05,[1193.0-4280.0],bbbb,Group: 87
2020-12-28,[1193.0-4280.0],bbbb,Group: 87
2020-08-22,[1193.0-4280.0],bbbb,Group: 87
2021-03-01,[1899.0-2884.0],bbbb,Group: 88
2020-12-14,[1899.0-2884.0],bbbb,Group: 88
2021-02-15,[1899.0-2884.0],bbbb,Group: 88
2021-03-03,[1899.0-2884.0],bbbb,Group: 88
2021-03-13,[1899.0-2884.0],bbbb,Group: 88
2021-04-01,[1899.0-2884.0],bbbb,Group: 88
2021-12-20,[1899.0-2884.0],bbbb,Group: 88
2021-03-24,[1899.0-2884.0],bbbb,Group: 88
2021-03-25,[1899.0-2884.0],bbbb,Group: 88
2021-12-23,[1899.0-2884.0],bbbb,Group: 88
2020-08-30,[1899.0-2884.0],bbbb,Group: 88
2021-03-18,[1899.0-2884.0],bbbb,Group: 88
