2020-12-02,[6316.0-7643.0],bbbbb,Group: 0
2021-06-21,[6316.0-7643.0],bbbbb,Group: 0
2021-10-26,[6316.0-7643.0],bbbbb,Group: 0
2021-10-19,[6316.0-7643.0],bbbbb,Group: 0
2020-11-25,[6316.0-7643.0],bbbbb,Group: 0
2020-10-25,[6316.0-7643.0],bbbbb,Group: 0
2021-01-22,[6316.0-7643.0],bbbbb,Group: 0
2021-10-30,[6316.0-7643.0],bbbbb,Group: 0
2020-09-27,[6316.0-7643.0],bbbbb,Group: 0
2021-04-11,[6316.0-7643.0],bbbbb,Group: 0
2021-04-13,[6316.0-7643.0],bbbbb,Group: 0
2021-01-21,[6316.0-7643.0],bbbbb,Group: 0
2021-11-05,[6316.0-7643.0],bbbbb,Group: 0
2021-10-22,[7789.0-9361.0],bbbbb,Group: 1
2021-10-15,[7789.0-9361.0],bbbbb,Group: 1
2022-02-14,[7789.0-9361.0],bbbbb,Group: 1
2021-07-05,[7789.0-9361.0],bbbbb,Group: 1
2021-10-21,[7789.0-9361.0],bbbbb,Group: 1
2021-10-04,[7789.0-9361.0],bbbbb,Group: 1
2021-10-12,[7789.0-9361.0],bbbbb,Group: 1
2020-10-31,[7789.0-9361.0],bbbbb,Group: 1
2020-10-15,[7789.0-9361.0],bbbbb,Group: 1
2020-10-03,[7789.0-9361.0],bbbbb,Group: 1
2020-10-21,[7789.0-9361.0],bbbbb,Group: 1
2020-10-23,[7789.0-9361.0],bbbbb,Group: 1
2021-01-08,[5142.0-6194.0],bbbbb,Group: 2
2021-04-10,[5142.0-6194.0],bbbbb,Group: 2
2020-11-12,[5142.0-6194.0],bbbbb,Group: 2
2020-12-20,[5142.0-6194.0],bbbbb,Group: 2
2020-11-29,[5142.0-6194.0],bbbbb,Group: 2
2020-10-12,[5142.0-6194.0],bbbbb,Group: 2
2021-11-20,[5142.0-6194.0],bbbbb,Group: 2
2020-11-13,[5142.0-6194.0],bbbbb,Group: 2
2020-12-18,[5142.0-6194.0],bbbbb,Group: 2
2020-11-19,[5142.0-6194.0],bbbbb,Group: 2
2020-09-23,[5142.0-6194.0],bbbbb,Group: 2
2020-12-04,[5142.0-6194.0],bbbbb,Group: 2
2020-12-31,[5142.0-6194.0],bbbbb,Group: 2
2020-12-05,[5142.0-6194.0],bbbbb,Group: 2
2021-01-27,[5142.0-6194.0],bbbbb,Group: 2
2021-01-13,[5142.0-6194.0],bbbbb,Group: 2
2022-01-10,[5142.0-6194.0],bbbbb,Group: 2
2020-10-22,[6111.0-7482.0],bbbbb,Group: 3
2020-11-06,[6111.0-7482.0],bbbbb,Group: 3
2022-01-09,[6111.0-7482.0],bbbbb,Group: 3
2021-01-23,[6111.0-7482.0],bbbbb,Group: 3
2020-09-26,[6111.0-7482.0],bbbbb,Group: 3
2021-11-06,[6111.0-7482.0],bbbbb,Group: 3
2021-11-12,[6111.0-7482.0],bbbbb,Group: 3
2020-12-23,[6111.0-7482.0],bbbbb,Group: 3
2020-10-30,[6111.0-7482.0],bbbbb,Group: 3
2021-11-18,[6111.0-7482.0],bbbbb,Group: 3
2020-12-16,[6111.0-7482.0],bbbbb,Group: 3
2020-09-25,[6111.0-7482.0],bbbbb,Group: 3
2020-11-01,[6111.0-7482.0],bbbbb,Group: 3
2020-10-29,[7020.0-12818.0],bbbbb,Group: 4
2021-07-22,[7020.0-12818.0],bbbbb,Group: 4
2021-10-13,[7020.0-12818.0],bbbbb,Group: 4
2022-02-15,[7020.0-12818.0],bbbbb,Group: 4
2021-06-24,[7020.0-12818.0],bbbbb,Group: 4
2021-06-20,[7020.0-12818.0],bbbbb,Group: 4
2021-08-22,[7020.0-12818.0],bbbbb,Group: 4
2021-06-22,[7020.0-12818.0],bbbbb,Group: 4
2021-10-05,[7020.0-12818.0],bbbbb,Group: 4
2021-08-16,[7020.0-12818.0],bbbbb,Group: 4
2020-10-17,[7020.0-12818.0],bbbbb,Group: 4
2021-05-31,[7020.0-12818.0],bbbbb,Group: 4
2021-09-17,[17466.0-23260.0],bbbbb,Group: 5
2021-08-18,[17466.0-23260.0],bbbbb,Group: 5
2021-05-30,[17466.0-23260.0],bbbbb,Group: 5
2021-06-03,[17466.0-23260.0],bbbbb,Group: 5
2021-07-30,[17466.0-23260.0],bbbbb,Group: 5
2021-04-21,[17466.0-23260.0],bbbbb,Group: 5
2021-08-08,[17466.0-23260.0],bbbbb,Group: 5
2022-02-09,[17466.0-23260.0],bbbbb,Group: 5
2021-09-16,[17466.0-23260.0],bbbbb,Group: 5
2021-07-25,[17466.0-23260.0],bbbbb,Group: 5
2021-06-02,[17466.0-23260.0],bbbbb,Group: 5
2021-08-19,[17466.0-23260.0],bbbbb,Group: 5
2021-08-10,[17466.0-23260.0],bbbbb,Group: 5
2021-09-18,[17466.0-23260.0],bbbbb,Group: 5
2021-07-19,[9931.0-17821.0],bbbbb,Group: 6
2021-10-02,[9931.0-17821.0],bbbbb,Group: 6
2022-02-13,[9931.0-17821.0],bbbbb,Group: 6
2022-01-15,[9931.0-17821.0],bbbbb,Group: 6
2021-07-13,[9931.0-17821.0],bbbbb,Group: 6
2021-04-19,[9931.0-17821.0],bbbbb,Group: 6
2021-06-13,[9931.0-17821.0],bbbbb,Group: 6
2021-05-24,[9931.0-17821.0],bbbbb,Group: 6
2021-10-20,[9931.0-17821.0],bbbbb,Group: 6
2021-06-05,[9931.0-17821.0],bbbbb,Group: 6
2021-07-23,[17518.0-23676.0],bbbbb,Group: 7
2021-08-13,[17518.0-23676.0],bbbbb,Group: 7
2021-08-15,[17518.0-23676.0],bbbbb,Group: 7
2022-01-17,[17518.0-23676.0],bbbbb,Group: 7
2021-08-01,[17518.0-23676.0],bbbbb,Group: 7
2021-04-20,[17518.0-23676.0],bbbbb,Group: 7
2021-08-03,[17518.0-23676.0],bbbbb,Group: 7
2021-08-17,[17518.0-23676.0],bbbbb,Group: 7
2021-09-22,[17518.0-23676.0],bbbbb,Group: 7
2021-08-14,[17518.0-23676.0],bbbbb,Group: 7
2022-02-07,[17518.0-23676.0],bbbbb,Group: 7
2021-08-30,[17518.0-23676.0],bbbbb,Group: 7
2021-08-28,[25010.0-31265.0],bbbbb,Group: 8
2021-04-24,[25010.0-31265.0],bbbbb,Group: 8
2021-09-10,[25010.0-31265.0],bbbbb,Group: 8
2021-04-23,[25010.0-31265.0],bbbbb,Group: 8
2021-04-22,[25010.0-31265.0],bbbbb,Group: 8
2021-09-05,[25010.0-31265.0],bbbbb,Group: 8
2021-05-03,[25010.0-31265.0],bbbbb,Group: 8
2021-09-07,[25010.0-31265.0],bbbbb,Group: 8
2022-01-24,[25010.0-31265.0],bbbbb,Group: 8
2022-02-06,[25010.0-31265.0],bbbbb,Group: 8
2021-05-20,[30491.0-42154.0],bbbbb,Group: 9
2021-05-07,[30491.0-42154.0],bbbbb,Group: 9
2022-02-04,[30491.0-42154.0],bbbbb,Group: 9
2021-05-15,[30491.0-42154.0],bbbbb,Group: 9
2021-04-28,[30491.0-42154.0],bbbbb,Group: 9
2021-05-13,[30491.0-42154.0],bbbbb,Group: 9
2021-05-14,[30491.0-42154.0],bbbbb,Group: 9
2021-05-19,[30491.0-42154.0],bbbbb,Group: 9
2021-05-01,[30491.0-42154.0],bbbbb,Group: 9
2021-08-27,[30491.0-42154.0],bbbbb,Group: 9
2022-01-31,[30491.0-42154.0],bbbbb,Group: 9
2021-04-27,[30491.0-42154.0],bbbbb,Group: 9
2021-04-30,[30491.0-42154.0],bbbbb,Group: 9
2021-05-04,[30491.0-42154.0],bbbbb,Group: 9
2021-04-29,[30491.0-42154.0],bbbbb,Group: 9
2022-01-19,[30491.0-42154.0],bbbbb,Group: 9
2022-02-05,[30491.0-42154.0],bbbbb,Group: 9
2021-05-11,[30491.0-42154.0],bbbbb,Group: 9
2021-05-09,[30491.0-42154.0],bbbbb,Group: 9
2022-01-25,[41668.0-55475.0],bbbbb,Group: 10
2021-05-08,[41668.0-55475.0],bbbbb,Group: 10
2022-01-26,[41668.0-55475.0],bbbbb,Group: 10
2021-05-05,[41668.0-55475.0],bbbbb,Group: 10
2022-02-01,[41668.0-55475.0],bbbbb,Group: 10
2021-05-06,[41668.0-55475.0],bbbbb,Group: 10
2022-02-03,[41668.0-55475.0],bbbbb,Group: 10
2022-01-27,[41668.0-55475.0],bbbbb,Group: 10
2022-01-20,[41668.0-55475.0],bbbbb,Group: 10
2022-01-21,[41668.0-55475.0],bbbbb,Group: 10
2022-01-22,[41668.0-55475.0],bbbbb,Group: 10
2022-01-28,[41668.0-55475.0],bbbbb,Group: 10
2022-01-30,[41668.0-55475.0],bbbbb,Group: 10
2021-05-12,[41668.0-55475.0],bbbbb,Group: 10
2022-01-23,[41668.0-55475.0],bbbbb,Group: 10
2022-01-29,[41668.0-55475.0],bbbbb,Group: 10
2022-02-02,[41668.0-55475.0],bbbbb,Group: 10
2021-09-01,[29322.0-32803.0],bbbbb,Group: 11
2021-08-31,[29322.0-32803.0],bbbbb,Group: 11
2021-05-21,[29322.0-32803.0],bbbbb,Group: 11
2021-09-03,[29322.0-32803.0],bbbbb,Group: 11
2021-05-02,[29322.0-32803.0],bbbbb,Group: 11
2021-08-29,[29322.0-32803.0],bbbbb,Group: 11
2021-08-26,[29322.0-32803.0],bbbbb,Group: 11
2021-05-18,[29322.0-32803.0],bbbbb,Group: 11
2021-05-16,[29322.0-32803.0],bbbbb,Group: 11
2021-08-25,[29322.0-32803.0],bbbbb,Group: 11
2022-02-08,[29322.0-32803.0],bbbbb,Group: 11
2021-05-25,[29322.0-32803.0],bbbbb,Group: 11
2021-09-08,[29322.0-32803.0],bbbbb,Group: 11
2021-09-04,[29322.0-32803.0],bbbbb,Group: 11
2021-09-02,[29322.0-32803.0],bbbbb,Group: 11
2021-09-15,[17681.0-20487.0],bbbbb,Group: 12
2021-09-23,[17681.0-20487.0],bbbbb,Group: 12
2021-08-20,[17681.0-20487.0],bbbbb,Group: 12
2022-02-10,[17681.0-20487.0],bbbbb,Group: 12
2021-04-18,[17681.0-20487.0],bbbbb,Group: 12
2021-09-12,[17681.0-20487.0],bbbbb,Group: 12
2021-08-07,[17681.0-20487.0],bbbbb,Group: 12
2021-09-11,[17681.0-20487.0],bbbbb,Group: 12
2022-01-16,[17681.0-20487.0],bbbbb,Group: 12
2021-09-06,[17681.0-20487.0],bbbbb,Group: 12
2021-08-06,[17681.0-20487.0],bbbbb,Group: 12
2021-06-01,[17681.0-20487.0],bbbbb,Group: 12
2021-09-19,[17681.0-20487.0],bbbbb,Group: 12
2021-07-24,[17681.0-20487.0],bbbbb,Group: 12
2021-09-24,[17681.0-20487.0],bbbbb,Group: 12
2021-12-03,[4995.0-6102.0],bbbbb,Group: 13
2021-02-04,[4995.0-6102.0],bbbbb,Group: 13
2020-10-08,[4995.0-6102.0],bbbbb,Group: 13
2022-02-20,[4995.0-6102.0],bbbbb,Group: 13
2020-11-26,[4995.0-6102.0],bbbbb,Group: 13
2021-02-06,[4995.0-6102.0],bbbbb,Group: 13
2020-12-12,[4995.0-6102.0],bbbbb,Group: 13
2021-11-19,[4995.0-6102.0],bbbbb,Group: 13
2021-02-07,[4995.0-6102.0],bbbbb,Group: 13
2020-11-21,[4995.0-6102.0],bbbbb,Group: 13
2021-01-15,[4995.0-6102.0],bbbbb,Group: 13
2021-01-16,[4995.0-6102.0],bbbbb,Group: 13
2020-11-17,[4995.0-6102.0],bbbbb,Group: 13
2022-01-07,[4995.0-6102.0],bbbbb,Group: 13
2020-12-03,[4995.0-6102.0],bbbbb,Group: 13
2021-01-02,[4995.0-6102.0],bbbbb,Group: 13
2022-02-22,[4995.0-6102.0],bbbbb,Group: 13
2021-02-10,[4995.0-6102.0],bbbbb,Group: 13
2021-11-07,[5771.0-7124.0],bbbbb,Group: 14
2020-12-19,[5771.0-7124.0],bbbbb,Group: 14
2021-11-17,[5771.0-7124.0],bbbbb,Group: 14
2021-01-28,[5771.0-7124.0],bbbbb,Group: 14
2020-11-14,[5771.0-7124.0],bbbbb,Group: 14
2021-01-20,[5771.0-7124.0],bbbbb,Group: 14
2020-10-20,[5771.0-7124.0],bbbbb,Group: 14
2021-02-03,[5771.0-7124.0],bbbbb,Group: 14
2021-11-02,[5771.0-7124.0],bbbbb,Group: 14
2022-01-08,[5771.0-7124.0],bbbbb,Group: 14
2020-09-24,[5771.0-7124.0],bbbbb,Group: 14
2021-01-26,[5771.0-7124.0],bbbbb,Group: 14
2020-11-05,[5771.0-7124.0],bbbbb,Group: 14
2020-11-18,[5771.0-7124.0],bbbbb,Group: 14
2021-10-18,[5771.0-7124.0],bbbbb,Group: 14
2021-01-06,[5771.0-7124.0],bbbbb,Group: 14
2021-01-12,[4584.0-5507.0],bbbbb,Group: 15
2021-02-20,[4584.0-5507.0],bbbbb,Group: 15
2021-02-18,[4584.0-5507.0],bbbbb,Group: 15
2021-12-02,[4584.0-5507.0],bbbbb,Group: 15
2022-02-23,[4584.0-5507.0],bbbbb,Group: 15
2020-10-19,[4584.0-5507.0],bbbbb,Group: 15
2021-11-23,[4584.0-5507.0],bbbbb,Group: 15
2021-04-09,[4584.0-5507.0],bbbbb,Group: 15
2021-11-30,[4584.0-5507.0],bbbbb,Group: 15
2020-12-08,[4584.0-5507.0],bbbbb,Group: 15
2021-01-01,[4584.0-5507.0],bbbbb,Group: 15
2021-11-08,[4584.0-5507.0],bbbbb,Group: 15
2020-10-27,[4584.0-5507.0],bbbbb,Group: 15
2020-11-24,[4584.0-5507.0],bbbbb,Group: 15
2020-10-05,[4584.0-5507.0],bbbbb,Group: 15
2020-09-20,[4584.0-5507.0],bbbbb,Group: 15
2021-01-07,[4584.0-5507.0],bbbbb,Group: 15
2021-02-16,[4584.0-5507.0],bbbbb,Group: 15
2020-12-27,[3966.0-4905.0],bbbbb,Group: 16
2020-12-10,[3966.0-4905.0],bbbbb,Group: 16
2022-02-21,[3966.0-4905.0],bbbbb,Group: 16
2021-11-28,[3966.0-4905.0],bbbbb,Group: 16
2021-01-10,[3966.0-4905.0],bbbbb,Group: 16
2021-11-24,[3966.0-4905.0],bbbbb,Group: 16
2021-12-09,[3966.0-4905.0],bbbbb,Group: 16
2021-12-07,[3966.0-4905.0],bbbbb,Group: 16
2021-11-27,[3966.0-4905.0],bbbbb,Group: 16
2020-11-27,[3966.0-4905.0],bbbbb,Group: 16
2022-02-24,[3966.0-4905.0],bbbbb,Group: 16
2021-01-03,[3966.0-4905.0],bbbbb,Group: 16
2021-02-23,[3966.0-4905.0],bbbbb,Group: 16
2020-11-15,[3966.0-4905.0],bbbbb,Group: 16
2020-09-17,[3966.0-4905.0],bbbbb,Group: 16
2020-02-16,[0.0-3.0],aaaaa,Group: 17
2020-02-10,[0.0-3.0],aaaaa,Group: 17
2020-02-18,[0.0-3.0],aaaaa,Group: 17
2020-03-16,[0.0-3.0],eeeee,Group: 17
2020-03-06,[0.0-3.0],aaaaa,Group: 17
2020-03-02,[0.0-3.0],aaaaa,Group: 17
2020-05-07,[0.0-3.0],aaaaa,Group: 17
2020-02-27,[0.0-3.0],aaaaa,Group: 17
2020-02-29,[0.0-3.0],aaaaa,Group: 17
2020-05-05,[0.0-3.0],eeeee,Group: 17
2020-03-05,[0.0-1.0],aaaaa,Group: 18
2020-03-14,[0.0-1.0],aaaaa,Group: 18
2020-03-11,[0.0-1.0],aaaaa,Group: 18
2020-02-12,[0.0-1.0],aaaaa,Group: 18
2020-03-04,[0.0-1.0],aaaaa,Group: 18
2020-02-26,[0.0-1.0],aaaaa,Group: 18
2020-02-23,[0.0-1.0],aaaaa,Group: 18
2020-02-11,[0.0-1.0],aaaaa,Group: 18
2020-02-22,[0.0-1.0],aaaaa,Group: 18
2020-02-04,[0.0-1.0],aaaaa,Group: 18
2020-04-17,[0.0-1.0],aaaaa,Group: 18
2020-05-03,[0.0-1.0],aaaaa,Group: 18
2020-02-08,[0.0-1.0],aaaaa,Group: 18
2020-01-31,[0.0-1.0],aaaaa,Group: 18
2020-02-28,[0.0-1.0],aaaaa,Group: 18
2020-02-09,[0.0-1.0],aaaaa,Group: 18
2020-05-04,[0.0-1.0],aaaaa,Group: 18
2020-05-06,[0.0-1.0],aaaaa,Group: 18
2020-02-25,[0.0-1.0],aaaaa,Group: 18
2020-04-07,[0.0-8.0],bbbbb,Group: 19
2020-03-10,[0.0-8.0],bbbbb,Group: 19
2020-03-31,[0.0-8.0],bbbbb,Group: 19
2020-03-19,[0.0-8.0],bbbbb,Group: 19
2020-04-30,[0.0-8.0],bbbbb,Group: 19
2020-04-19,[0.0-8.0],bbbbb,Group: 19
2020-04-28,[0.0-8.0],bbbbb,Group: 19
2020-05-10,[0.0-8.0],bbbbb,Group: 19
2020-04-10,[0.0-8.0],bbbbb,Group: 19
2020-05-12,[0.0-8.0],bbbbb,Group: 19
2020-03-03,[0.0-8.0],ccccc,Group: 19
2020-02-17,[0.0-8.0],ccccc,Group: 19
2022-04-06,[300.0-361.0],bbbbb,Group: 20
2022-05-16,[300.0-361.0],bbbbb,Group: 20
2022-05-15,[300.0-361.0],bbbbb,Group: 20
2020-07-09,[300.0-361.0],bbbbb,Group: 20
2022-04-29,[300.0-361.0],bbbbb,Group: 20
2022-04-22,[300.0-361.0],bbbbb,Group: 20
2022-04-03,[300.0-361.0],bbbbb,Group: 20
2022-04-20,[300.0-361.0],bbbbb,Group: 20
2022-04-30,[300.0-361.0],bbbbb,Group: 20
2022-04-26,[300.0-361.0],bbbbb,Group: 20
2022-05-08,[300.0-361.0],bbbbb,Group: 20
2022-05-04,[300.0-361.0],bbbbb,Group: 20
2022-04-05,[300.0-361.0],bbbbb,Group: 20
2022-04-02,[300.0-361.0],bbbbb,Group: 20
2022-04-09,[300.0-361.0],bbbbb,Group: 20
2022-03-28,[300.0-361.0],bbbbb,Group: 20
2020-05-29,[62.0-131.0],bbbbb,Group: 21
2020-06-13,[62.0-131.0],bbbbb,Group: 21
2020-06-02,[62.0-131.0],bbbbb,Group: 21
2020-06-19,[62.0-131.0],bbbbb,Group: 21
2020-06-06,[62.0-131.0],bbbbb,Group: 21
2020-06-25,[62.0-131.0],bbbbb,Group: 21
2020-06-17,[62.0-131.0],bbbbb,Group: 21
2020-06-10,[62.0-131.0],bbbbb,Group: 21
2020-06-12,[62.0-131.0],bbbbb,Group: 21
2020-06-20,[62.0-131.0],bbbbb,Group: 21
2020-05-26,[62.0-131.0],bbbbb,Group: 21
2020-06-18,[62.0-131.0],bbbbb,Group: 21
2020-06-30,[62.0-131.0],bbbbb,Group: 21
2020-06-03,[62.0-131.0],bbbbb,Group: 21
2022-03-14,[506.0-809.0],bbbbb,Group: 22
2020-07-27,[506.0-809.0],bbbbb,Group: 22
2020-07-20,[506.0-809.0],bbbbb,Group: 22
2020-07-16,[506.0-809.0],bbbbb,Group: 22
2022-03-23,[506.0-809.0],bbbbb,Group: 22
2022-03-24,[506.0-809.0],bbbbb,Group: 22
2022-03-22,[506.0-809.0],bbbbb,Group: 22
2022-03-19,[506.0-809.0],bbbbb,Group: 22
2020-07-15,[506.0-809.0],bbbbb,Group: 22
2020-07-14,[506.0-809.0],bbbbb,Group: 22
2020-07-18,[506.0-809.0],bbbbb,Group: 22
2022-05-20,[506.0-809.0],bbbbb,Group: 22
2022-03-25,[506.0-809.0],bbbbb,Group: 22
2020-07-30,[506.0-809.0],bbbbb,Group: 22
2020-03-07,[0.0-39.0],aaaaa,Group: 23
2020-03-13,[0.0-39.0],bbbbb,Group: 23
2020-02-06,[0.0-39.0],aaaaa,Group: 23
2020-04-29,[0.0-39.0],bbbbb,Group: 23
2020-03-23,[0.0-39.0],bbbbb,Group: 23
2020-04-04,[0.0-39.0],bbbbb,Group: 23
2020-03-18,[0.0-39.0],aaaaa,Group: 23
2020-03-15,[0.0-39.0],bbbbb,Group: 23
2020-05-15,[0.0-39.0],bbbbb,Group: 23
2020-05-21,[0.0-39.0],bbbbb,Group: 23
2020-03-01,[0.0-39.0],aaaaa,Group: 23
2020-04-01,[0.0-39.0],bbbbb,Group: 23
2020-03-08,[0.0-39.0],aaaaa,Group: 23
2020-05-01,[0.0-39.0],aaaaa,Group: 23
2020-04-02,[0.0-39.0],bbbbb,Group: 23
2020-03-27,[0.0-39.0],bbbbb,Group: 23
2020-08-05,[962.0-1195.0],bbbbb,Group: 24
2020-07-23,[962.0-1195.0],bbbbb,Group: 24
2022-03-11,[962.0-1195.0],bbbbb,Group: 24
2020-07-22,[962.0-1195.0],bbbbb,Group: 24
2020-08-01,[962.0-1195.0],bbbbb,Group: 24
2020-07-28,[962.0-1195.0],bbbbb,Group: 24
2022-03-12,[962.0-1195.0],bbbbb,Group: 24
2020-08-02,[962.0-1195.0],bbbbb,Group: 24
2020-09-01,[962.0-1195.0],bbbbb,Group: 24
2020-08-03,[962.0-1195.0],bbbbb,Group: 24
2021-03-15,[962.0-1195.0],bbbbb,Group: 24
2020-08-04,[962.0-1195.0],bbbbb,Group: 24
2022-03-15,[962.0-1195.0],bbbbb,Group: 24
2020-07-25,[962.0-1195.0],bbbbb,Group: 24
2022-03-20,[596.0-927.0],bbbbb,Group: 25
2022-03-13,[596.0-927.0],bbbbb,Group: 25
2020-07-19,[596.0-927.0],bbbbb,Group: 25
2020-07-24,[596.0-927.0],bbbbb,Group: 25
2020-07-26,[596.0-927.0],bbbbb,Group: 25
2020-07-21,[596.0-927.0],bbbbb,Group: 25
2020-07-17,[596.0-927.0],bbbbb,Group: 25
2022-03-17,[596.0-927.0],bbbbb,Group: 25
2022-05-17,[596.0-927.0],bbbbb,Group: 25
2020-07-29,[596.0-927.0],bbbbb,Group: 25
2022-03-18,[596.0-927.0],bbbbb,Group: 25
2021-12-21,[2357.0-2748.0],bbbbb,Group: 26
2022-01-03,[2357.0-2748.0],bbbbb,Group: 26
2021-03-31,[2357.0-2748.0],bbbbb,Group: 26
2021-03-04,[2357.0-2748.0],bbbbb,Group: 26
2021-12-24,[2357.0-2748.0],bbbbb,Group: 26
2021-12-30,[2357.0-2748.0],bbbbb,Group: 26
2020-08-29,[2357.0-2748.0],bbbbb,Group: 26
2021-04-05,[2357.0-2748.0],bbbbb,Group: 26
2021-12-25,[2357.0-2748.0],bbbbb,Group: 26
2022-01-01,[2357.0-2748.0],bbbbb,Group: 26
2020-11-16,[2357.0-2748.0],bbbbb,Group: 26
2020-08-25,[1836.0-2375.0],bbbbb,Group: 27
2022-03-05,[1836.0-2375.0],bbbbb,Group: 27
2022-03-02,[1836.0-2375.0],bbbbb,Group: 27
2021-03-23,[1836.0-2375.0],bbbbb,Group: 27
2021-03-21,[1836.0-2375.0],bbbbb,Group: 27
2020-08-19,[1836.0-2375.0],bbbbb,Group: 27
2020-08-30,[1836.0-2375.0],bbbbb,Group: 27
2021-03-25,[1836.0-2375.0],bbbbb,Group: 27
2021-03-13,[1836.0-2375.0],bbbbb,Group: 27
2021-03-17,[1836.0-2375.0],bbbbb,Group: 27
2020-08-23,[1836.0-2375.0],bbbbb,Group: 27
2020-08-31,[1530.0-1984.0],bbbbb,Group: 28
2021-03-01,[1530.0-1984.0],bbbbb,Group: 28
2020-09-02,[1530.0-1984.0],bbbbb,Group: 28
2020-08-14,[1530.0-1984.0],bbbbb,Group: 28
2020-09-07,[1530.0-1984.0],bbbbb,Group: 28
2020-09-03,[1530.0-1984.0],bbbbb,Group: 28
2021-03-29,[1530.0-1984.0],bbbbb,Group: 28
2020-08-20,[1530.0-1984.0],bbbbb,Group: 28
2021-12-27,[1530.0-1984.0],bbbbb,Group: 28
2022-03-08,[1530.0-1984.0],bbbbb,Group: 28
2020-08-18,[1530.0-1984.0],bbbbb,Group: 28
2020-08-15,[1530.0-1984.0],bbbbb,Group: 28
2021-03-19,[1530.0-1984.0],bbbbb,Group: 28
2021-01-05,[4557.0-5615.0],bbbbb,Group: 29
2020-09-19,[4557.0-5615.0],bbbbb,Group: 29
2020-12-11,[4557.0-5615.0],bbbbb,Group: 29
2021-02-05,[4557.0-5615.0],bbbbb,Group: 29
2021-11-01,[4557.0-5615.0],bbbbb,Group: 29
2021-02-14,[4557.0-5615.0],bbbbb,Group: 29
2021-11-16,[4557.0-5615.0],bbbbb,Group: 29
2021-02-09,[4557.0-5615.0],bbbbb,Group: 29
2020-12-15,[4557.0-5615.0],bbbbb,Group: 29
2020-11-08,[4557.0-5615.0],bbbbb,Group: 29
2021-12-04,[4557.0-5615.0],bbbbb,Group: 29
2021-11-26,[4557.0-5615.0],bbbbb,Group: 29
2021-12-08,[4557.0-5615.0],bbbbb,Group: 29
2021-02-13,[4557.0-5615.0],bbbbb,Group: 29
2020-11-22,[4557.0-5615.0],bbbbb,Group: 29
2020-12-17,[4557.0-5615.0],bbbbb,Group: 29
2021-04-04,[2802.0-4892.0],bbbbb,Group: 30
2020-12-09,[2802.0-4892.0],bbbbb,Group: 30
2021-02-21,[2802.0-4892.0],bbbbb,Group: 30
2021-12-11,[2802.0-4892.0],bbbbb,Group: 30
2021-02-17,[2802.0-4892.0],bbbbb,Group: 30
2020-10-26,[2802.0-4892.0],bbbbb,Group: 30
2021-02-15,[2802.0-4892.0],bbbbb,Group: 30
2021-12-15,[2802.0-4892.0],bbbbb,Group: 30
2020-09-21,[2802.0-4892.0],bbbbb,Group: 30
2020-09-18,[2802.0-4892.0],bbbbb,Group: 30
2021-12-10,[2802.0-4892.0],bbbbb,Group: 30
2021-02-24,[2802.0-4892.0],bbbbb,Group: 30
2022-01-02,[2456.0-2802.0],bbbbb,Group: 31
2021-04-01,[2456.0-2802.0],bbbbb,Group: 31
2020-08-28,[2456.0-2802.0],bbbbb,Group: 31
2021-03-05,[2456.0-2802.0],bbbbb,Group: 31
2021-03-24,[2456.0-2802.0],bbbbb,Group: 31
2020-08-26,[2456.0-2802.0],bbbbb,Group: 31
2021-04-03,[2456.0-2802.0],bbbbb,Group: 31
2021-03-10,[2456.0-2802.0],bbbbb,Group: 31
2021-12-28,[2456.0-2802.0],bbbbb,Group: 31
2020-09-05,[2456.0-2802.0],bbbbb,Group: 31
2021-12-31,[2456.0-2802.0],bbbbb,Group: 31
2020-12-14,[2456.0-2802.0],bbbbb,Group: 31
2022-02-27,[2456.0-2802.0],bbbbb,Group: 31
2021-03-20,[2078.0-2514.0],bbbbb,Group: 32
2020-09-04,[2078.0-2514.0],bbbbb,Group: 32
2021-04-02,[2078.0-2514.0],bbbbb,Group: 32
2020-08-22,[2078.0-2514.0],bbbbb,Group: 32
2021-12-13,[2078.0-2514.0],bbbbb,Group: 32
2021-03-07,[2078.0-2514.0],bbbbb,Group: 32
2021-03-28,[2078.0-2514.0],bbbbb,Group: 32
2021-12-23,[2078.0-2514.0],bbbbb,Group: 32
2021-03-09,[2078.0-2514.0],bbbbb,Group: 32
2021-12-20,[2078.0-2514.0],bbbbb,Group: 32
2021-03-30,[2078.0-2514.0],bbbbb,Group: 32
2021-02-22,[2078.0-2514.0],bbbbb,Group: 32
2021-02-08,[3346.0-3742.0],bbbbb,Group: 33
2020-12-21,[3346.0-3742.0],bbbbb,Group: 33
2020-12-26,[3346.0-3742.0],bbbbb,Group: 33
2021-12-16,[3346.0-3742.0],bbbbb,Group: 33
2021-11-22,[3346.0-3742.0],bbbbb,Group: 33
2021-12-17,[3346.0-3742.0],bbbbb,Group: 33
2021-04-06,[3346.0-3742.0],bbbbb,Group: 33
2021-01-18,[3346.0-3742.0],bbbbb,Group: 33
2021-02-01,[3346.0-3742.0],bbbbb,Group: 33
2021-11-29,[3346.0-3742.0],bbbbb,Group: 33
2021-12-14,[3346.0-3742.0],bbbbb,Group: 33
2020-10-09,[7312.0-9250.0],bbbbb,Group: 34
2021-07-12,[7312.0-9250.0],bbbbb,Group: 34
2020-11-04,[7312.0-9250.0],bbbbb,Group: 34
2022-02-17,[7312.0-9250.0],bbbbb,Group: 34
2021-10-14,[7312.0-9250.0],bbbbb,Group: 34
2021-10-24,[7312.0-9250.0],bbbbb,Group: 34
2020-10-01,[7312.0-9250.0],bbbbb,Group: 34
2020-10-24,[7312.0-9250.0],bbbbb,Group: 34
2021-10-23,[7312.0-9250.0],bbbbb,Group: 34
2021-11-03,[7312.0-9250.0],bbbbb,Group: 34
2021-06-28,[7312.0-9250.0],bbbbb,Group: 34
2021-11-10,[7312.0-9250.0],bbbbb,Group: 34
2020-12-22,[6049.0-8553.0],bbbbb,Group: 35
2021-10-31,[6049.0-8553.0],bbbbb,Group: 35
2020-10-04,[6049.0-8553.0],bbbbb,Group: 35
2020-11-11,[6049.0-8553.0],bbbbb,Group: 35
2020-11-07,[6049.0-8553.0],bbbbb,Group: 35
2020-10-14,[6049.0-8553.0],bbbbb,Group: 35
2021-11-11,[6049.0-8553.0],bbbbb,Group: 35
2021-04-15,[6049.0-8553.0],bbbbb,Group: 35
2020-10-16,[6049.0-8553.0],bbbbb,Group: 35
2021-10-11,[6049.0-8553.0],bbbbb,Group: 35
2020-09-28,[4538.0-5716.0],bbbbb,Group: 36
2021-02-12,[4538.0-5716.0],bbbbb,Group: 36
2021-04-12,[4538.0-5716.0],bbbbb,Group: 36
2020-12-25,[4538.0-5716.0],bbbbb,Group: 36
2021-01-31,[4538.0-5716.0],bbbbb,Group: 36
2021-12-01,[4538.0-5716.0],bbbbb,Group: 36
2021-01-17,[4538.0-5716.0],bbbbb,Group: 36
2020-12-06,[4538.0-5716.0],bbbbb,Group: 36
2022-01-06,[4538.0-5716.0],bbbbb,Group: 36
2020-12-13,[4538.0-5716.0],bbbbb,Group: 36
2022-01-05,[4538.0-5716.0],bbbbb,Group: 36
2021-02-02,[4538.0-5716.0],bbbbb,Group: 36
2021-02-11,[4538.0-5716.0],bbbbb,Group: 36
2021-11-15,[4538.0-5716.0],bbbbb,Group: 36
2021-11-21,[4538.0-5716.0],bbbbb,Group: 36
2020-12-24,[4538.0-5716.0],bbbbb,Group: 36
2022-02-19,[5375.0-6757.0],bbbbb,Group: 37
2021-11-14,[5375.0-6757.0],bbbbb,Group: 37
2021-11-09,[5375.0-6757.0],bbbbb,Group: 37
2021-11-25,[5375.0-6757.0],bbbbb,Group: 37
2021-01-30,[5375.0-6757.0],bbbbb,Group: 37
2021-01-09,[5375.0-6757.0],bbbbb,Group: 37
2020-12-01,[5375.0-6757.0],bbbbb,Group: 37
2020-12-30,[5375.0-6757.0],bbbbb,Group: 37
2021-01-19,[5375.0-6757.0],bbbbb,Group: 37
2020-11-10,[5375.0-6757.0],bbbbb,Group: 37
2021-01-14,[5375.0-6757.0],bbbbb,Group: 37
2020-12-29,[5375.0-6757.0],bbbbb,Group: 37
2021-07-20,[15600.0-16848.0],bbbbb,Group: 38
2021-09-20,[15600.0-16848.0],bbbbb,Group: 38
2021-09-25,[15600.0-16848.0],bbbbb,Group: 38
2021-07-17,[15600.0-16848.0],bbbbb,Group: 38
2022-01-14,[15600.0-16848.0],bbbbb,Group: 38
2021-07-07,[15600.0-16848.0],bbbbb,Group: 38
2021-06-04,[15600.0-16848.0],bbbbb,Group: 38
2021-09-30,[15600.0-16848.0],bbbbb,Group: 38
2021-09-21,[15600.0-16848.0],bbbbb,Group: 38
2021-09-26,[15600.0-16848.0],bbbbb,Group: 38
2021-09-14,[15600.0-16848.0],bbbbb,Group: 38
2021-10-01,[12616.0-13834.0],bbbbb,Group: 39
2022-01-13,[12616.0-13834.0],bbbbb,Group: 39
2021-06-23,[12616.0-13834.0],bbbbb,Group: 39
2021-07-15,[12616.0-13834.0],bbbbb,Group: 39
2021-07-09,[12616.0-13834.0],bbbbb,Group: 39
2021-06-29,[12616.0-13834.0],bbbbb,Group: 39
2022-01-12,[12616.0-13834.0],bbbbb,Group: 39
2021-06-16,[12616.0-13834.0],bbbbb,Group: 39
2021-08-23,[12616.0-13834.0],bbbbb,Group: 39
2021-06-30,[12616.0-13834.0],bbbbb,Group: 39
2021-10-06,[12616.0-13834.0],bbbbb,Group: 39
2021-07-08,[12616.0-13834.0],bbbbb,Group: 39
2021-06-27,[10905.0-12469.0],bbbbb,Group: 40
2022-02-16,[10905.0-12469.0],bbbbb,Group: 40
2021-06-17,[10905.0-12469.0],bbbbb,Group: 40
2021-10-03,[10905.0-12469.0],bbbbb,Group: 40
2021-07-11,[10905.0-12469.0],bbbbb,Group: 40
2021-09-28,[10905.0-12469.0],bbbbb,Group: 40
2021-06-15,[10905.0-12469.0],bbbbb,Group: 40
2021-06-18,[10905.0-12469.0],bbbbb,Group: 40
2021-09-29,[10905.0-12469.0],bbbbb,Group: 40
2021-10-07,[10905.0-12469.0],bbbbb,Group: 40
2021-07-01,[9258.0-12868.0],bbbbb,Group: 41
2020-10-10,[9258.0-12868.0],bbbbb,Group: 41
2021-06-19,[9258.0-12868.0],bbbbb,Group: 41
2021-06-26,[9258.0-12868.0],bbbbb,Group: 41
2020-10-07,[9258.0-12868.0],bbbbb,Group: 41
2021-10-09,[9258.0-12868.0],bbbbb,Group: 41
2020-10-02,[9258.0-12868.0],bbbbb,Group: 41
2021-10-27,[9258.0-12868.0],bbbbb,Group: 41
2021-10-08,[9258.0-12868.0],bbbbb,Group: 41
2021-07-02,[9258.0-12868.0],bbbbb,Group: 41
2021-06-07,[9258.0-12868.0],bbbbb,Group: 41
2021-07-04,[9258.0-12868.0],bbbbb,Group: 41
2021-10-10,[9258.0-12868.0],bbbbb,Group: 41
2021-09-27,[9258.0-12868.0],bbbbb,Group: 41
2021-07-03,[9258.0-12868.0],bbbbb,Group: 41
2021-04-16,[9258.0-12868.0],bbbbb,Group: 41
2020-11-20,[6028.0-7738.0],bbbbb,Group: 42
2021-10-25,[6028.0-7738.0],bbbbb,Group: 42
2021-10-28,[6028.0-7738.0],bbbbb,Group: 42
2021-11-13,[6028.0-7738.0],bbbbb,Group: 42
2020-10-18,[6028.0-7738.0],bbbbb,Group: 42
2020-11-03,[6028.0-7738.0],bbbbb,Group: 42
2021-11-04,[6028.0-7738.0],bbbbb,Group: 42
2021-01-24,[6028.0-7738.0],bbbbb,Group: 42
2021-10-29,[6028.0-7738.0],bbbbb,Group: 42
2020-11-28,[6028.0-7738.0],bbbbb,Group: 42
2021-10-17,[6028.0-7738.0],bbbbb,Group: 42
2021-01-29,[6028.0-7738.0],bbbbb,Group: 42
2020-10-11,[7354.0-9347.0],bbbbb,Group: 43
2022-02-18,[7354.0-9347.0],bbbbb,Group: 43
2021-06-14,[7354.0-9347.0],bbbbb,Group: 43
2020-09-30,[7354.0-9347.0],bbbbb,Group: 43
2021-10-16,[7354.0-9347.0],bbbbb,Group: 43
2020-09-29,[7354.0-9347.0],bbbbb,Group: 43
2022-01-11,[7354.0-9347.0],bbbbb,Group: 43
2021-04-14,[7354.0-9347.0],bbbbb,Group: 43
2020-10-28,[7354.0-9347.0],bbbbb,Group: 43
2020-10-06,[7354.0-9347.0],bbbbb,Group: 43
2020-10-13,[7354.0-9347.0],bbbbb,Group: 43
2021-08-11,[23500.0-28798.0],bbbbb,Group: 44
2021-05-26,[23500.0-28798.0],bbbbb,Group: 44
2021-05-22,[23500.0-28798.0],bbbbb,Group: 44
2021-05-23,[23500.0-28798.0],bbbbb,Group: 44
2021-09-09,[23500.0-28798.0],bbbbb,Group: 44
2021-05-10,[23500.0-28798.0],bbbbb,Group: 44
2022-01-18,[23500.0-28798.0],bbbbb,Group: 44
2021-04-25,[23500.0-28798.0],bbbbb,Group: 44
2021-08-24,[23500.0-28798.0],bbbbb,Group: 44
2021-05-29,[23500.0-28798.0],bbbbb,Group: 44
2021-07-28,[20624.0-24166.0],bbbbb,Group: 45
2021-07-27,[20624.0-24166.0],bbbbb,Group: 45
2021-05-27,[20624.0-24166.0],bbbbb,Group: 45
2021-08-04,[20624.0-24166.0],bbbbb,Group: 45
2021-08-12,[20624.0-24166.0],bbbbb,Group: 45
2021-04-26,[20624.0-24166.0],bbbbb,Group: 45
2021-07-29,[20624.0-24166.0],bbbbb,Group: 45
2021-08-05,[20624.0-24166.0],bbbbb,Group: 45
2021-07-31,[20624.0-24166.0],bbbbb,Group: 45
2021-05-17,[20624.0-24166.0],bbbbb,Group: 45
2021-05-28,[20624.0-24166.0],bbbbb,Group: 45
2021-12-19,[1420.0-2995.0],bbbbb,Group: 46
2020-08-08,[1420.0-2995.0],bbbbb,Group: 46
2020-08-13,[1420.0-2995.0],bbbbb,Group: 46
2020-09-14,[1420.0-2995.0],bbbbb,Group: 46
2020-08-27,[1420.0-2995.0],bbbbb,Group: 46
2021-12-29,[1420.0-2995.0],bbbbb,Group: 46
2020-09-12,[1420.0-2995.0],bbbbb,Group: 46
2020-08-16,[1420.0-2995.0],bbbbb,Group: 46
2021-03-27,[1420.0-2995.0],bbbbb,Group: 46
2021-03-03,[1420.0-2995.0],bbbbb,Group: 46
2021-04-07,[2938.0-3757.0],bbbbb,Group: 47
2021-03-02,[2938.0-3757.0],bbbbb,Group: 47
2021-01-25,[2938.0-3757.0],bbbbb,Group: 47
2021-01-11,[2938.0-3757.0],bbbbb,Group: 47
2020-11-30,[2938.0-3757.0],bbbbb,Group: 47
2020-09-13,[2938.0-3757.0],bbbbb,Group: 47
2022-01-04,[2938.0-3757.0],bbbbb,Group: 47
2020-09-08,[2938.0-3757.0],bbbbb,Group: 47
2021-02-25,[2938.0-3757.0],bbbbb,Group: 47
2020-11-09,[2938.0-3757.0],bbbbb,Group: 47
2020-09-11,[2938.0-3757.0],bbbbb,Group: 47
2020-09-06,[2938.0-3757.0],bbbbb,Group: 47
2020-11-23,[2938.0-3757.0],bbbbb,Group: 47
2020-04-18,[1.0-4.0],bbbbb,Group: 48
2020-05-09,[1.0-4.0],bbbbb,Group: 48
2020-02-02,[1.0-4.0],bbbbb,Group: 48
2020-05-02,[1.0-4.0],bbbbb,Group: 48
2020-05-08,[1.0-4.0],bbbbb,Group: 48
2020-02-03,[1.0-4.0],bbbbb,Group: 48
2020-04-13,[1.0-4.0],bbbbb,Group: 48
2020-04-15,[1.0-4.0],bbbbb,Group: 48
2020-03-12,[1.0-4.0],bbbbb,Group: 48
2020-04-24,[1.0-4.0],bbbbb,Group: 48
2020-02-20,[0.0-13.0],aaaaa,Group: 49
2020-02-07,[0.0-13.0],aaaaa,Group: 49
2020-02-21,[0.0-13.0],aaaaa,Group: 49
2020-02-05,[0.0-13.0],aaaaa,Group: 49
2020-03-17,[0.0-13.0],aaaaa,Group: 49
2020-03-09,[0.0-13.0],eeeee,Group: 49
2020-02-15,[0.0-13.0],aaaaa,Group: 49
2020-02-01,[0.0-13.0],aaaaa,Group: 49
2020-02-19,[0.0-13.0],aaaaa,Group: 49
2020-03-21,[0.0-13.0],eeeee,Group: 49
2020-02-14,[0.0-13.0],aaaaa,Group: 49
2020-04-06,[0.0-13.0],eeeee,Group: 49
2020-05-18,[9.0-29.0],bbbbb,Group: 50
2020-05-17,[9.0-29.0],bbbbb,Group: 50
2020-04-21,[9.0-29.0],bbbbb,Group: 50
2020-03-22,[9.0-29.0],bbbbb,Group: 50
2020-05-14,[9.0-29.0],bbbbb,Group: 50
2020-03-24,[9.0-29.0],bbbbb,Group: 50
2020-03-29,[9.0-29.0],bbbbb,Group: 50
2020-04-27,[9.0-29.0],bbbbb,Group: 50
2020-03-25,[9.0-29.0],bbbbb,Group: 50
2020-04-09,[9.0-29.0],bbbbb,Group: 50
2020-04-14,[6.0-12.0],bbbbb,Group: 51
2020-03-20,[6.0-12.0],bbbbb,Group: 51
2020-04-25,[6.0-12.0],bbbbb,Group: 51
2020-04-23,[6.0-12.0],bbbbb,Group: 51
2020-04-20,[6.0-12.0],bbbbb,Group: 51
2020-04-11,[6.0-12.0],bbbbb,Group: 51
2020-04-26,[6.0-12.0],bbbbb,Group: 51
2020-04-16,[6.0-12.0],bbbbb,Group: 51
2020-03-28,[6.0-12.0],bbbbb,Group: 51
2020-05-19,[6.0-12.0],bbbbb,Group: 51
2020-04-03,[6.0-12.0],bbbbb,Group: 51
2020-05-13,[6.0-12.0],bbbbb,Group: 51
2020-05-16,[6.0-12.0],bbbbb,Group: 51
2020-04-22,[6.0-12.0],bbbbb,Group: 51
2020-06-27,[195.0-315.0],bbbbb,Group: 52
2022-04-13,[195.0-315.0],bbbbb,Group: 52
2022-04-25,[195.0-315.0],bbbbb,Group: 52
2022-04-23,[195.0-315.0],bbbbb,Group: 52
2020-07-04,[195.0-315.0],bbbbb,Group: 52
2022-04-21,[195.0-315.0],bbbbb,Group: 52
2022-04-24,[195.0-315.0],bbbbb,Group: 52
2020-07-08,[195.0-315.0],bbbbb,Group: 52
2022-04-07,[195.0-315.0],bbbbb,Group: 52
2020-07-03,[195.0-315.0],bbbbb,Group: 52
2020-02-24,[0.0-1298.0],ccccc,Group: 53
2020-04-05,[0.0-1298.0],bbbbb,Group: 53
2020-06-07,[0.0-1298.0],bbbbb,Group: 53
2020-02-13,[0.0-1298.0],ccccc,Group: 53
2020-05-24,[0.0-1298.0],bbbbb,Group: 53
2020-06-29,[0.0-1298.0],bbbbb,Group: 53
2020-06-22,[0.0-1298.0],bbbbb,Group: 53
2022-04-12,[0.0-1298.0],bbbbb,Group: 53
2022-03-16,[0.0-1298.0],bbbbb,Group: 53
2022-04-28,[0.0-1298.0],bbbbb,Group: 53
2020-08-06,[0.0-1298.0],bbbbb,Group: 53
2020-04-12,[0.0-1298.0],bbbbb,Group: 53
2022-03-29,[0.0-1298.0],bbbbb,Group: 53
2020-06-15,[0.0-1298.0],bbbbb,Group: 53
2020-07-07,[150.0-272.0],bbbbb,Group: 54
2022-04-14,[150.0-272.0],bbbbb,Group: 54
2022-05-01,[150.0-272.0],bbbbb,Group: 54
2022-04-04,[150.0-272.0],bbbbb,Group: 54
2022-04-18,[150.0-272.0],bbbbb,Group: 54
2020-06-24,[150.0-272.0],bbbbb,Group: 54
2020-07-06,[150.0-272.0],bbbbb,Group: 54
2020-07-02,[150.0-272.0],bbbbb,Group: 54
2022-04-10,[150.0-272.0],bbbbb,Group: 54
2020-06-26,[150.0-272.0],bbbbb,Group: 54
2022-03-31,[40.0-429.0],bbbbb,Group: 55
2022-04-19,[40.0-429.0],bbbbb,Group: 55
2022-04-17,[40.0-429.0],bbbbb,Group: 55
2022-04-08,[40.0-429.0],bbbbb,Group: 55
2020-05-25,[40.0-429.0],bbbbb,Group: 55
2020-06-21,[40.0-429.0],bbbbb,Group: 55
2022-05-02,[40.0-429.0],bbbbb,Group: 55
2022-05-07,[40.0-429.0],bbbbb,Group: 55
2022-05-09,[40.0-429.0],bbbbb,Group: 55
2020-05-27,[40.0-429.0],bbbbb,Group: 55
2022-05-19,[418.0-556.0],bbbbb,Group: 56
2020-07-11,[418.0-556.0],bbbbb,Group: 56
2022-05-10,[418.0-556.0],bbbbb,Group: 56
2022-03-26,[418.0-556.0],bbbbb,Group: 56
2022-05-18,[418.0-556.0],bbbbb,Group: 56
2022-03-21,[418.0-556.0],bbbbb,Group: 56
2020-07-13,[418.0-556.0],bbbbb,Group: 56
2022-05-13,[418.0-556.0],bbbbb,Group: 56
2022-04-01,[418.0-556.0],bbbbb,Group: 56
2022-05-06,[418.0-556.0],bbbbb,Group: 56
2022-04-27,[347.0-438.0],bbbbb,Group: 57
2022-05-14,[347.0-438.0],bbbbb,Group: 57
2022-03-27,[347.0-438.0],bbbbb,Group: 57
2022-05-03,[347.0-438.0],bbbbb,Group: 57
2022-05-05,[347.0-438.0],bbbbb,Group: 57
2022-05-11,[347.0-438.0],bbbbb,Group: 57
2022-03-30,[347.0-438.0],bbbbb,Group: 57
2020-07-12,[347.0-438.0],bbbbb,Group: 57
2020-07-10,[347.0-438.0],bbbbb,Group: 57
2022-05-12,[347.0-438.0],bbbbb,Group: 57
2020-07-05,[85.0-225.0],bbbbb,Group: 58
2020-07-01,[85.0-225.0],bbbbb,Group: 58
2022-04-15,[85.0-225.0],bbbbb,Group: 58
2022-04-16,[85.0-225.0],bbbbb,Group: 58
2020-05-28,[85.0-225.0],bbbbb,Group: 58
2022-04-11,[85.0-225.0],bbbbb,Group: 58
2020-06-23,[85.0-225.0],bbbbb,Group: 58
2020-06-08,[85.0-225.0],bbbbb,Group: 58
2020-06-05,[85.0-225.0],bbbbb,Group: 58
2020-06-09,[85.0-225.0],bbbbb,Group: 58
2020-05-30,[7.0-118.0],bbbbb,Group: 59
2020-03-26,[7.0-118.0],bbbbb,Group: 59
2020-05-31,[7.0-118.0],bbbbb,Group: 59
2020-06-14,[7.0-118.0],bbbbb,Group: 59
2020-03-30,[7.0-118.0],bbbbb,Group: 59
2020-06-28,[7.0-118.0],bbbbb,Group: 59
2020-06-01,[7.0-118.0],bbbbb,Group: 59
2020-06-16,[7.0-118.0],bbbbb,Group: 59
2020-06-11,[7.0-118.0],bbbbb,Group: 59
2020-06-04,[7.0-118.0],bbbbb,Group: 59
2020-04-08,[7.0-118.0],bbbbb,Group: 59
2020-05-11,[7.0-118.0],bbbbb,Group: 59
2020-05-20,[7.0-118.0],bbbbb,Group: 59
2020-05-22,[7.0-118.0],bbbbb,Group: 59
2020-05-23,[7.0-118.0],bbbbb,Group: 59
2020-08-17,[1725.0-2222.0],bbbbb,Group: 60
2021-03-16,[1725.0-2222.0],bbbbb,Group: 60
2021-03-11,[1725.0-2222.0],bbbbb,Group: 60
2021-03-12,[1725.0-2222.0],bbbbb,Group: 60
2021-03-14,[1725.0-2222.0],bbbbb,Group: 60
2022-03-04,[1725.0-2222.0],bbbbb,Group: 60
2022-02-28,[1725.0-2222.0],bbbbb,Group: 60
2021-03-26,[1725.0-2222.0],bbbbb,Group: 60
2022-03-03,[1725.0-2222.0],bbbbb,Group: 60
2020-08-21,[1725.0-2222.0],bbbbb,Group: 60
2022-03-07,[1184.0-1899.0],bbbbb,Group: 61
2020-08-24,[1184.0-1899.0],bbbbb,Group: 61
2022-03-09,[1184.0-1899.0],bbbbb,Group: 61
2020-08-07,[1184.0-1899.0],bbbbb,Group: 61
2021-12-26,[1184.0-1899.0],bbbbb,Group: 61
2020-08-09,[1184.0-1899.0],bbbbb,Group: 61
2021-03-18,[1184.0-1899.0],bbbbb,Group: 61
2020-08-12,[1184.0-1899.0],bbbbb,Group: 61
2022-03-06,[1184.0-1899.0],bbbbb,Group: 61
2021-03-22,[1184.0-1899.0],bbbbb,Group: 61
2020-08-10,[1184.0-1899.0],bbbbb,Group: 61
2021-03-08,[1184.0-1899.0],bbbbb,Group: 61
2020-08-11,[1184.0-1899.0],bbbbb,Group: 61
2020-07-31,[1184.0-1899.0],bbbbb,Group: 61
2022-03-10,[1184.0-1899.0],bbbbb,Group: 61
2021-03-06,[2791.0-3297.0],bbbbb,Group: 62
2021-01-04,[2791.0-3297.0],bbbbb,Group: 62
2020-09-15,[2791.0-3297.0],bbbbb,Group: 62
2021-12-22,[2791.0-3297.0],bbbbb,Group: 62
2022-02-26,[2791.0-3297.0],bbbbb,Group: 62
2021-12-18,[2791.0-3297.0],bbbbb,Group: 62
2021-12-06,[2791.0-3297.0],bbbbb,Group: 62
2020-12-28,[2791.0-3297.0],bbbbb,Group: 62
2022-03-01,[2791.0-3297.0],bbbbb,Group: 62
2021-02-28,[2791.0-3297.0],bbbbb,Group: 62
2021-02-27,[3272.0-4505.0],bbbbb,Group: 63
2021-12-12,[3272.0-4505.0],bbbbb,Group: 63
2020-09-22,[3272.0-4505.0],bbbbb,Group: 63
2020-09-16,[3272.0-4505.0],bbbbb,Group: 63
2020-09-10,[3272.0-4505.0],bbbbb,Group: 63
2021-04-08,[3272.0-4505.0],bbbbb,Group: 63
2020-09-09,[3272.0-4505.0],bbbbb,Group: 63
2022-02-25,[3272.0-4505.0],bbbbb,Group: 63
2020-12-07,[3272.0-4505.0],bbbbb,Group: 63
2020-11-02,[3272.0-4505.0],bbbbb,Group: 63
2021-12-05,[3272.0-4505.0],bbbbb,Group: 63
2021-02-19,[3272.0-4505.0],bbbbb,Group: 63
2021-02-26,[3272.0-4505.0],bbbbb,Group: 63
2021-07-16,[13750.0-15184.0],bbbbb,Group: 64
2021-06-06,[13750.0-15184.0],bbbbb,Group: 64
2022-02-12,[13750.0-15184.0],bbbbb,Group: 64
2021-06-12,[13750.0-15184.0],bbbbb,Group: 64
2021-09-13,[13750.0-15184.0],bbbbb,Group: 64
2021-06-11,[13750.0-15184.0],bbbbb,Group: 64
2021-07-18,[13750.0-15184.0],bbbbb,Group: 64
2021-07-06,[13750.0-15184.0],bbbbb,Group: 64
2021-07-10,[13750.0-15184.0],bbbbb,Group: 64
2021-06-10,[13750.0-15184.0],bbbbb,Group: 64
2021-07-21,[11546.0-17481.0],bbbbb,Group: 65
2021-08-09,[11546.0-17481.0],bbbbb,Group: 65
2021-07-14,[11546.0-17481.0],bbbbb,Group: 65
2021-06-09,[11546.0-17481.0],bbbbb,Group: 65
2021-07-26,[11546.0-17481.0],bbbbb,Group: 65
2021-08-02,[11546.0-17481.0],bbbbb,Group: 65
2022-02-11,[11546.0-17481.0],bbbbb,Group: 65
2021-04-17,[11546.0-17481.0],bbbbb,Group: 65
2021-06-25,[11546.0-17481.0],bbbbb,Group: 65
2021-08-21,[11546.0-17481.0],bbbbb,Group: 65
2021-06-08,[11546.0-17481.0],bbbbb,Group: 65
